1543972928.313743,5200.0,0.0,135.0,3.0,2.0,56.0,0.0,7.0,28.0,17.0,25.0,24.0,1040.0,840.0,1905.0
1543972928.414003,5200.0,0.0,135.0,3.0,2.0,56.0,0.0,7.0,30.0,20.0,27.0,26.0,1040.0,840.0,1905.0
1543972928.514589,5200.0,0.0,135.0,3.0,2.0,56.0,0.0,7.0,30.0,20.0,27.0,26.0,1040.0,840.0,1905.0
1543972928.615168,5200.0,0.0,135.0,3.0,2.0,56.0,0.0,7.0,27.0,16.0,24.0,24.0,1040.0,840.0,1905.0
1543972928.715758,5200.0,0.0,135.0,3.0,2.0,56.0,0.0,7.0,29.0,19.0,27.0,24.0,1040.0,840.0,1905.0
1543972928.816347,5200.0,0.0,135.0,3.0,2.0,56.0,0.0,7.0,27.0,19.0,25.0,23.0,1040.0,840.0,1905.0
1543972928.916945,5200.0,0.0,135.0,3.0,2.0,56.0,0.0,7.0,29.0,18.0,27.0,24.0,1040.0,840.0,1905.0
1543972929.017586,5200.0,0.0,135.0,3.0,2.0,56.0,0.0,7.0,30.0,20.0,27.0,26.0,1040.0,840.0,1905.0
1543972929.118155,5200.0,0.0,135.0,3.0,2.0,56.0,0.0,7.0,27.0,18.0,25.0,23.0,1040.0,840.0,1905.0
1543972929.218736,5200.0,0.0,135.0,3.0,2.0,56.0,0.0,7.0,27.0,17.0,24.0,23.0,1040.0,840.0,1905.0
1543972929.319329,5200.0,0.0,135.0,3.0,2.0,56.0,0.0,7.0,30.0,20.0,26.0,26.0,1040.0,840.0,1905.0
1543972929.419925,5200.0,0.0,135.0,3.0,2.0,56.0,0.0,7.0,30.0,20.0,27.0,25.0,1040.0,840.0,1905.0
1543972929.621241,5200.0,0.0,135.0,3.0,2.0,56.0,0.0,7.0,29.0,20.0,26.0,25.0,1040.0,840.0,1905.0
1543972929.721709,5200.0,0.0,135.0,3.0,2.0,56.0,0.0,7.0,29.0,19.0,26.0,24.0,1040.0,840.0,1905.0
1543972929.822307,5200.0,0.0,135.0,3.0,2.0,56.0,0.0,7.0,30.0,19.0,26.0,26.0,1040.0,840.0,1905.0
1543972929.922901,5200.0,0.0,135.0,3.0,2.0,56.0,0.0,7.0,28.0,20.0,25.0,23.0,1040.0,840.0,1905.0
1543972930.023566,5200.0,0.0,135.0,3.0,2.0,56.0,0.0,7.0,30.0,19.0,27.0,25.0,1040.0,840.0,1905.0
1543972930.124146,5200.0,0.0,135.0,3.0,2.0,56.0,0.0,7.0,29.0,20.0,26.0,25.0,1040.0,840.0,1905.0
1543972930.224743,5200.0,0.0,135.0,3.0,2.0,56.0,0.0,7.0,30.0,19.0,26.0,26.0,1040.0,840.0,1905.0
1543972930.325315,5200.0,0.0,135.0,3.0,2.0,56.0,0.0,7.0,30.0,20.0,27.0,26.0,1040.0,840.0,1905.0
1543972930.425899,5200.0,0.0,135.0,3.0,2.0,56.0,0.0,7.0,30.0,20.0,27.0,26.0,1040.0,840.0,1905.0
1543972930.526489,5200.0,0.0,135.0,3.0,2.0,56.0,0.0,7.0,29.0,20.0,24.0,26.0,1040.0,840.0,1905.0
1543972930.627828,5200.0,0.0,135.0,3.0,2.0,56.0,0.0,7.0,30.0,20.0,27.0,26.0,1040.0,840.0,1905.0
1543972930.728424,5200.0,0.0,135.0,3.0,2.0,56.0,0.0,7.0,28.0,19.0,25.0,24.0,1040.0,840.0,1905.0
1543972930.829004,5200.0,0.0,135.0,3.0,2.0,56.0,0.0,7.0,30.0,19.0,27.0,26.0,1040.0,840.0,1905.0
1543972930.929606,5200.0,0.0,135.0,3.0,2.0,56.0,0.0,7.0,30.0,20.0,27.0,26.0,1040.0,840.0,1905.0
1543972931.030198,5200.0,0.0,135.0,3.0,2.0,56.0,0.0,7.0,30.0,20.0,27.0,26.0,1040.0,840.0,1905.0
1543972931.130785,5200.0,0.0,135.0,3.0,2.0,56.0,0.0,7.0,29.0,19.0,26.0,26.0,1040.0,840.0,1905.0
1543972931.231368,5200.0,0.0,135.0,3.0,2.0,56.0,0.0,7.0,29.0,19.0,24.0,26.0,1040.0,840.0,1905.0
1543972931.331975,5200.0,0.0,135.0,3.0,2.0,56.0,0.0,7.0,30.0,19.0,27.0,26.0,1040.0,840.0,1905.0
1543972931.533181,5200.0,0.0,135.0,3.0,2.0,56.0,0.0,7.0,30.0,19.0,27.0,26.0,1040.0,840.0,1905.0
1543972931.63378,5200.0,0.0,135.0,3.0,2.0,56.0,0.0,7.0,29.0,18.0,26.0,25.0,1040.0,840.0,1905.0
1543972931.734366,5200.0,0.0,135.0,3.0,2.0,56.0,0.0,7.0,28.0,20.0,26.0,23.0,1040.0,840.0,1905.0
1543972931.834964,5200.0,0.0,135.0,3.0,2.0,56.0,0.0,7.0,28.0,19.0,24.0,23.0,1040.0,840.0,1905.0
1543972931.935555,5200.0,0.0,135.0,3.0,2.0,56.0,0.0,7.0,30.0,20.0,27.0,26.0,1040.0,840.0,1905.0
1543972932.036155,5200.0,0.0,135.0,3.0,2.0,56.0,0.0,7.0,29.0,20.0,24.0,26.0,1040.0,840.0,1905.0
1543972932.138018,5200.0,0.0,135.0,3.0,2.0,56.0,0.0,7.0,29.0,20.0,27.0,23.0,1040.0,840.0,1905.0
1543972932.2372,5200.0,0.0,135.0,3.0,2.0,56.0,0.0,7.0,30.0,19.0,27.0,26.0,1040.0,840.0,1905.0
1543972932.337795,5200.0,0.0,135.0,3.0,2.0,56.0,0.0,7.0,28.0,19.0,25.0,24.0,1040.0,840.0,1905.0
1543972932.438446,5200.0,0.0,135.0,3.0,2.0,56.0,0.0,7.0,29.0,19.0,26.0,25.0,1040.0,840.0,1905.0
1543972932.539017,5200.0,0.0,135.0,3.0,2.0,56.0,0.0,7.0,29.0,19.0,26.0,25.0,1040.0,840.0,1905.0
1543972932.639612,5200.0,0.0,135.0,3.0,2.0,56.0,0.0,7.0,28.0,19.0,25.0,23.0,1040.0,840.0,1905.0
1543972932.740207,5200.0,0.0,135.0,3.0,2.0,56.0,0.0,7.0,29.0,19.0,26.0,25.0,1040.0,840.0,1905.0
1543972932.840798,5200.0,0.0,135.0,3.0,2.0,56.0,0.0,7.0,30.0,19.0,26.0,26.0,1040.0,840.0,1905.0
1543972932.941382,5200.0,0.0,135.0,3.0,2.0,56.0,0.0,7.0,30.0,19.0,27.0,26.0,1040.0,840.0,1905.0
1543972933.042746,5200.0,0.0,135.0,3.0,2.0,56.0,0.0,7.0,30.0,20.0,27.0,25.0,1040.0,840.0,1905.0
1543972933.143442,5200.0,0.0,135.0,3.0,2.0,56.0,0.0,7.0,27.0,18.0,24.0,23.0,1040.0,840.0,1905.0
1543972933.244035,5200.0,0.0,135.0,3.0,2.0,56.0,0.0,7.0,30.0,20.0,27.0,26.0,1040.0,840.0,1905.0
1543972933.344625,5200.0,0.0,135.0,3.0,2.0,56.0,0.0,7.0,28.0,19.0,24.0,25.0,1040.0,840.0,1905.0
1543972933.545804,5200.0,0.0,135.0,3.0,2.0,56.0,0.0,7.0,30.0,20.0,27.0,26.0,1040.0,840.0,1905.0
1543972933.646398,5200.0,0.0,135.0,3.0,2.0,56.0,0.0,7.0,29.0,18.0,26.0,25.0,1040.0,840.0,1905.0
1543972933.746996,5200.0,0.0,135.0,3.0,2.0,56.0,0.0,7.0,30.0,19.0,26.0,26.0,1040.0,840.0,1905.0
1543972933.847581,5200.0,0.0,135.0,3.0,2.0,56.0,0.0,7.0,30.0,19.0,27.0,26.0,1040.0,840.0,1905.0
1543972933.948166,5200.0,0.0,135.0,3.0,2.0,56.0,0.0,7.0,28.0,19.0,26.0,24.0,1040.0,840.0,1905.0
1543972934.048771,5200.0,0.0,135.0,3.0,2.0,56.0,0.0,7.0,30.0,20.0,27.0,25.0,1040.0,840.0,1905.0
1543972934.149354,5200.0,0.0,135.0,3.0,2.0,56.0,0.0,7.0,30.0,20.0,27.0,25.0,1040.0,840.0,1905.0
1543972934.249955,5200.0,0.0,135.0,3.0,2.0,56.0,0.0,7.0,28.0,19.0,26.0,23.0,1040.0,840.0,1905.0
1543972934.350544,5200.0,0.0,135.0,3.0,2.0,56.0,0.0,7.0,27.0,19.0,24.0,23.0,1040.0,840.0,1905.0
1543972934.451134,5200.0,0.0,135.0,3.0,2.0,56.0,0.0,7.0,30.0,19.0,27.0,26.0,1040.0,840.0,1905.0
1543972934.551731,5200.0,0.0,135.0,3.0,2.0,56.0,0.0,7.0,28.0,20.0,24.0,25.0,1040.0,840.0,1905.0
1543972934.652315,5200.0,0.0,135.0,3.0,2.0,56.0,0.0,7.0,29.0,19.0,26.0,25.0,1040.0,840.0,1905.0
1543972934.752928,5200.0,0.0,135.0,3.0,2.0,56.0,0.0,7.0,28.0,19.0,23.0,24.0,1040.0,840.0,1905.0
1543972934.853548,5200.0,0.0,135.0,3.0,2.0,56.0,0.0,7.0,27.0,19.0,24.0,24.0,1040.0,840.0,1905.0
1543972934.954126,5200.0,0.0,135.0,3.0,2.0,56.0,0.0,7.0,29.0,19.0,26.0,25.0,1040.0,840.0,1905.0
1543972935.054723,5200.0,0.0,135.0,3.0,2.0,56.0,0.0,7.0,29.0,19.0,27.0,25.0,1040.0,840.0,1905.0
1543972935.155304,5200.0,0.0,135.0,3.0,2.0,56.0,0.0,7.0,29.0,20.0,27.0,25.0,1040.0,840.0,1905.0
1543972935.255893,5200.0,0.0,135.0,3.0,2.0,56.0,0.0,7.0,30.0,20.0,27.0,26.0,1040.0,840.0,1905.0
1543972935.457818,5200.0,0.0,135.0,3.0,2.0,56.0,0.0,7.0,28.0,19.0,25.0,24.0,1040.0,840.0,1905.0
1543972935.558415,5200.0,0.0,135.0,3.0,2.0,56.0,0.0,7.0,28.0,20.0,24.0,23.0,1040.0,840.0,1905.0
1543972935.659009,5200.0,0.0,135.0,3.0,2.0,56.0,0.0,7.0,28.0,19.0,24.0,24.0,1040.0,840.0,1905.0
1543972935.759605,5200.0,0.0,135.0,3.0,2.0,56.0,0.0,7.0,30.0,20.0,27.0,24.0,1040.0,840.0,1905.0
1543972935.863652,5200.0,0.0,135.0,3.0,2.0,56.0,0.0,7.0,30.0,20.0,26.0,26.0,1040.0,840.0,1905.0
1543972935.9608,5200.0,0.0,135.0,3.0,2.0,56.0,0.0,7.0,29.0,20.0,26.0,25.0,1040.0,840.0,1905.0
1543972936.061374,5200.0,0.0,135.0,3.0,2.0,56.0,0.0,7.0,30.0,20.0,27.0,26.0,1040.0,840.0,1905.0
1543972936.161955,5200.0,0.0,135.0,3.0,2.0,56.0,0.0,7.0,27.0,17.0,25.0,23.0,1040.0,840.0,1905.0
1543972936.26255,5200.0,0.0,135.0,3.0,2.0,56.0,0.0,7.0,28.0,17.0,26.0,23.0,1040.0,840.0,1905.0
1543972936.363218,5200.0,0.0,135.0,3.0,2.0,56.0,0.0,7.0,30.0,20.0,27.0,26.0,1040.0,840.0,1905.0
1543972936.463804,5200.0,0.0,135.0,3.0,2.0,56.0,0.0,7.0,28.0,20.0,24.0,24.0,1040.0,840.0,1905.0
1543972936.564392,5200.0,0.0,135.0,3.0,2.0,56.0,0.0,7.0,28.0,18.0,25.0,24.0,1040.0,840.0,1905.0
1543972936.664987,5200.0,0.0,135.0,3.0,2.0,56.0,0.0,7.0,28.0,19.0,25.0,24.0,1040.0,840.0,1905.0
1543972936.765588,5200.0,0.0,135.0,3.0,2.0,56.0,0.0,7.0,29.0,19.0,27.0,25.0,1040.0,840.0,1905.0
1543972936.866635,5200.0,0.0,135.0,3.0,2.0,56.0,0.0,7.0,30.0,20.0,27.0,25.0,1040.0,840.0,1905.0
1543972936.967207,5200.0,0.0,135.0,3.0,2.0,56.0,0.0,7.0,30.0,18.0,27.0,26.0,1040.0,840.0,1905.0
1543972937.067804,5200.0,0.0,135.0,3.0,2.0,56.0,0.0,7.0,27.0,19.0,24.0,23.0,1040.0,840.0,1905.0
1543972937.168389,5200.0,0.0,135.0,3.0,2.0,56.0,0.0,7.0,30.0,19.0,27.0,26.0,1040.0,840.0,1905.0
1543972937.268978,5200.0,0.0,135.0,3.0,2.0,56.0,0.0,7.0,29.0,19.0,26.0,25.0,1040.0,840.0,1905.0
1543972937.470173,5200.0,0.0,135.0,3.0,2.0,56.0,0.0,7.0,27.0,18.0,24.0,23.0,1040.0,840.0,1905.0
1543972937.570761,5200.0,0.0,135.0,3.0,2.0,56.0,0.0,7.0,29.0,19.0,26.0,24.0,1040.0,840.0,1905.0
1543972937.671342,5200.0,0.0,135.0,3.0,2.0,56.0,0.0,7.0,27.0,18.0,23.0,24.0,1040.0,840.0,1905.0
1543972937.771933,5200.0,0.0,135.0,3.0,2.0,56.0,0.0,7.0,29.0,19.0,26.0,25.0,1040.0,840.0,1905.0
1543972937.873315,5200.0,0.0,135.0,3.0,2.0,56.0,0.0,7.0,28.0,18.0,25.0,25.0,1040.0,840.0,1905.0
1543972937.974839,5200.0,0.0,135.0,3.0,2.0,56.0,0.0,7.0,31.0,20.0,28.0,26.0,1040.0,840.0,1905.0
1543972938.074376,5200.0,0.0,135.0,3.0,2.0,56.0,0.0,7.0,30.0,19.0,27.0,26.0,1040.0,840.0,1905.0
1543972938.174972,5200.0,0.0,135.0,3.0,2.0,56.0,0.0,7.0,30.0,19.0,27.0,26.0,1040.0,840.0,1905.0
1543972938.275542,5200.0,0.0,135.0,3.0,2.0,56.0,0.0,7.0,29.0,19.0,27.0,25.0,1040.0,840.0,1905.0
1543972938.376132,5200.0,0.0,135.0,3.0,2.0,56.0,0.0,7.0,29.0,19.0,27.0,25.0,1040.0,840.0,1905.0
1543972938.476773,5200.0,0.0,135.0,3.0,2.0,56.0,0.0,7.0,30.0,21.0,27.0,26.0,1040.0,840.0,1905.0
1543972938.577333,5200.0,0.0,135.0,3.0,2.0,56.0,0.0,7.0,28.0,19.0,25.0,23.0,1040.0,840.0,1905.0
1543972938.677922,5200.0,0.0,135.0,3.0,2.0,56.0,0.0,7.0,30.0,19.0,27.0,26.0,1040.0,840.0,1905.0
1543972938.778506,5200.0,0.0,135.0,3.0,2.0,56.0,0.0,7.0,27.0,18.0,24.0,23.0,1040.0,840.0,1905.0
1543972938.879099,5200.0,0.0,135.0,3.0,2.0,56.0,0.0,7.0,28.0,16.0,26.0,24.0,1040.0,840.0,1905.0
1543972938.97968,5200.0,0.0,135.0,3.0,2.0,56.0,0.0,7.0,30.0,19.0,27.0,25.0,1040.0,840.0,1905.0
1543972939.080288,5200.0,0.0,135.0,3.0,2.0,56.0,0.0,7.0,30.0,20.0,27.0,26.0,1040.0,840.0,1905.0
1543972939.180869,5200.0,0.0,135.0,3.0,2.0,56.0,0.0,7.0,27.0,20.0,23.0,23.0,1040.0,840.0,1905.0
1543972939.382063,5200.0,0.0,135.0,3.0,2.0,56.0,0.0,7.0,30.0,20.0,26.0,26.0,1040.0,840.0,1905.0
1543972939.482664,5200.0,0.0,135.0,3.0,2.0,56.0,0.0,7.0,30.0,18.0,27.0,26.0,1040.0,840.0,1905.0
1543972939.58332,5200.0,0.0,135.0,3.0,2.0,56.0,0.0,7.0,28.0,20.0,25.0,24.0,1040.0,840.0,1905.0
1543972939.683912,5200.0,0.0,135.0,3.0,2.0,56.0,0.0,7.0,29.0,19.0,26.0,25.0,1040.0,840.0,1905.0
1543972939.784503,5200.0,0.0,135.0,3.0,2.0,56.0,0.0,7.0,28.0,16.0,25.0,23.0,1040.0,840.0,1905.0
1543972939.885098,5200.0,0.0,135.0,3.0,2.0,56.0,0.0,7.0,28.0,20.0,25.0,24.0,1040.0,840.0,1905.0
1543972939.985689,5200.0,0.0,135.0,3.0,2.0,56.0,0.0,7.0,27.0,20.0,24.0,23.0,1040.0,840.0,1905.0
1543972940.086266,5200.0,0.0,135.0,3.0,2.0,56.0,0.0,7.0,28.0,20.0,24.0,24.0,1040.0,840.0,1905.0
1543972940.186909,5200.0,0.0,135.0,3.0,2.0,56.0,0.0,7.0,30.0,19.0,27.0,26.0,1040.0,840.0,1905.0
1543972940.287516,5200.0,0.0,135.0,3.0,2.0,56.0,0.0,7.0,30.0,19.0,27.0,27.0,1040.0,840.0,1905.0
1543972940.388083,5200.0,0.0,135.0,3.0,2.0,56.0,0.0,7.0,30.0,20.0,27.0,26.0,1040.0,840.0,1905.0
1543972940.488679,5200.0,0.0,135.0,3.0,2.0,56.0,0.0,7.0,29.0,19.0,26.0,26.0,1040.0,840.0,1905.0
1543972940.589259,5200.0,0.0,135.0,3.0,2.0,56.0,0.0,7.0,28.0,19.0,25.0,23.0,1040.0,840.0,1905.0
1543972940.689872,5200.0,0.0,135.0,3.0,2.0,56.0,0.0,7.0,30.0,20.0,27.0,26.0,1040.0,840.0,1905.0
1543972940.790453,5200.0,0.0,135.0,3.0,2.0,56.0,0.0,7.0,30.0,19.0,27.0,26.0,1040.0,840.0,1905.0
1543972940.891035,5200.0,0.0,135.0,3.0,2.0,56.0,0.0,7.0,28.0,20.0,24.0,23.0,1040.0,840.0,1905.0
1543972940.991636,5200.0,0.0,135.0,3.0,2.0,56.0,0.0,7.0,28.0,19.0,23.0,25.0,1040.0,840.0,1905.0
1543972941.09221,5200.0,0.0,135.0,3.0,2.0,56.0,0.0,7.0,29.0,20.0,26.0,24.0,1040.0,840.0,1905.0
1543972941.192799,5200.0,0.0,135.0,3.0,2.0,56.0,0.0,7.0,30.0,20.0,27.0,26.0,1040.0,840.0,1905.0
1543972941.394044,5200.0,0.0,135.0,3.0,2.0,56.0,0.0,7.0,28.0,18.0,24.0,24.0,1040.0,840.0,1905.0
1543972941.494636,5200.0,0.0,135.0,3.0,2.0,56.0,0.0,7.0,29.0,19.0,26.0,25.0,1040.0,840.0,1905.0
1543972941.595235,5200.0,0.0,135.0,3.0,2.0,56.0,0.0,7.0,30.0,20.0,27.0,26.0,1040.0,840.0,1905.0
1543972941.695809,5200.0,0.0,135.0,3.0,2.0,56.0,0.0,7.0,29.0,20.0,27.0,25.0,1040.0,840.0,1905.0
1543972941.796402,5200.0,0.0,135.0,3.0,2.0,56.0,0.0,7.0,29.0,19.0,26.0,25.0,1040.0,840.0,1905.0
1543972941.896984,5200.0,0.0,135.0,3.0,2.0,56.0,0.0,7.0,28.0,20.0,24.0,23.0,1040.0,840.0,1905.0
1543972941.997578,5200.0,0.0,135.0,3.0,2.0,56.0,0.0,7.0,30.0,19.0,27.0,26.0,1040.0,840.0,1905.0
1543972942.103625,5200.0,0.0,135.0,3.0,2.0,56.0,0.0,7.0,30.0,19.0,27.0,25.0,1040.0,840.0,1905.0
1543972942.198745,5200.0,0.0,135.0,3.0,2.0,56.0,0.0,7.0,27.0,18.0,25.0,23.0,1040.0,840.0,1905.0
1543972942.299333,5200.0,0.0,135.0,3.0,2.0,56.0,0.0,7.0,30.0,20.0,27.0,26.0,1040.0,840.0,1905.0
1543972942.399938,5200.0,0.0,135.0,3.0,2.0,56.0,0.0,7.0,30.0,20.0,27.0,26.0,1040.0,840.0,1905.0
1543972942.500515,5200.0,0.0,135.0,3.0,2.0,56.0,0.0,7.0,30.0,20.0,27.0,26.0,1040.0,840.0,1905.0
1543972942.601818,5200.0,0.0,135.0,3.0,2.0,56.0,0.0,7.0,30.0,19.0,27.0,26.0,1040.0,840.0,1905.0
1543972942.70241,5200.0,0.0,135.0,3.0,2.0,56.0,0.0,7.0,30.0,19.0,27.0,27.0,1040.0,840.0,1905.0
1543972942.803017,5200.0,0.0,135.0,3.0,2.0,56.0,0.0,7.0,30.0,21.0,27.0,26.0,1040.0,840.0,1905.0
1543972942.903611,5200.0,0.0,135.0,3.0,2.0,56.0,0.0,7.0,29.0,20.0,26.0,25.0,1040.0,840.0,1905.0
1543972943.004221,5200.0,0.0,135.0,3.0,2.0,56.0,0.0,7.0,29.0,18.0,26.0,26.0,1040.0,840.0,1905.0
1543972943.104816,5200.0,0.0,135.0,3.0,2.0,56.0,0.0,7.0,27.0,19.0,23.0,24.0,1040.0,840.0,1905.0
1543972943.305984,5200.0,0.0,135.0,3.0,2.0,56.0,0.0,7.0,29.0,20.0,26.0,25.0,1040.0,840.0,1905.0
1543972943.406609,5200.0,0.0,135.0,3.0,2.0,56.0,0.0,7.0,30.0,20.0,27.0,26.0,1040.0,840.0,1905.0
1543972943.507168,5200.0,0.0,135.0,3.0,2.0,56.0,0.0,7.0,30.0,19.0,27.0,26.0,1040.0,840.0,1905.0
1543972943.607768,5200.0,0.0,135.0,3.0,2.0,56.0,0.0,7.0,29.0,19.0,27.0,24.0,1040.0,840.0,1905.0
1543972943.709078,5200.0,0.0,135.0,3.0,2.0,56.0,0.0,7.0,29.0,20.0,26.0,25.0,1040.0,840.0,1905.0
1543972943.80882,5200.0,0.0,135.0,3.0,2.0,56.0,0.0,7.0,30.0,20.0,27.0,26.0,1040.0,840.0,1905.0
1543972943.9094,5200.0,0.0,135.0,3.0,2.0,56.0,0.0,7.0,28.0,16.0,25.0,24.0,1040.0,840.0,1905.0
1543972944.009995,5200.0,0.0,135.0,3.0,2.0,56.0,0.0,7.0,29.0,19.0,27.0,25.0,1040.0,840.0,1905.0
1543972944.110591,5200.0,0.0,135.0,3.0,2.0,56.0,0.0,7.0,29.0,18.0,24.0,26.0,1040.0,840.0,1905.0
1543972944.211191,5200.0,0.0,135.0,3.0,2.0,56.0,0.0,7.0,30.0,20.0,27.0,25.0,1040.0,840.0,1905.0
1543972944.311773,5200.0,0.0,135.0,3.0,2.0,56.0,0.0,7.0,29.0,19.0,26.0,25.0,1040.0,840.0,1905.0
1543972944.412363,5200.0,0.0,135.0,3.0,2.0,56.0,0.0,7.0,30.0,20.0,27.0,24.0,1040.0,840.0,1905.0
1543972944.512944,5200.0,0.0,135.0,3.0,2.0,56.0,0.0,7.0,30.0,20.0,27.0,26.0,1040.0,840.0,1905.0
1543972944.613577,5200.0,0.0,135.0,3.0,2.0,56.0,0.0,7.0,28.0,19.0,25.0,23.0,1040.0,840.0,1905.0
1543972944.714164,5200.0,0.0,135.0,3.0,2.0,56.0,0.0,7.0,28.0,16.0,25.0,24.0,1040.0,840.0,1905.0
1543972944.814746,5200.0,0.0,135.0,3.0,2.0,56.0,0.0,7.0,28.0,17.0,24.0,24.0,1040.0,840.0,1905.0
1543972944.916061,5200.0,0.0,135.0,3.0,2.0,56.0,0.0,7.0,27.0,17.0,24.0,24.0,1040.0,840.0,1905.0
1543972945.016737,5200.0,0.0,135.0,3.0,2.0,56.0,0.0,7.0,30.0,20.0,27.0,26.0,1040.0,840.0,1905.0
1543972945.117242,5200.0,0.0,135.0,3.0,2.0,56.0,0.0,7.0,27.0,16.0,25.0,24.0,1040.0,840.0,1905.0
1543972945.318414,5200.0,0.0,135.0,3.0,2.0,56.0,0.0,7.0,30.0,20.0,26.0,26.0,1040.0,840.0,1905.0
1543972945.419011,5200.0,0.0,135.0,3.0,2.0,56.0,0.0,7.0,29.0,19.0,25.0,26.0,1040.0,840.0,1905.0
1543972945.519607,5200.0,0.0,135.0,3.0,2.0,56.0,0.0,7.0,29.0,19.0,27.0,25.0,1040.0,840.0,1905.0
1543972945.620186,5200.0,0.0,135.0,3.0,2.0,56.0,0.0,7.0,28.0,19.0,24.0,23.0,1040.0,840.0,1905.0
1543972945.720784,5200.0,0.0,135.0,3.0,2.0,56.0,0.0,7.0,29.0,18.0,25.0,26.0,1040.0,840.0,1905.0
1543972945.821372,5200.0,0.0,135.0,3.0,2.0,56.0,0.0,7.0,28.0,19.0,25.0,24.0,1040.0,840.0,1905.0
1543972945.921964,5200.0,0.0,135.0,3.0,2.0,56.0,0.0,7.0,30.0,19.0,27.0,26.0,1040.0,840.0,1905.0
1543972946.02258,5200.0,0.0,135.0,3.0,2.0,56.0,0.0,7.0,30.0,19.0,27.0,26.0,1040.0,840.0,1905.0
1543972946.123202,5200.0,0.0,135.0,3.0,2.0,56.0,0.0,7.0,28.0,17.0,25.0,23.0,1040.0,840.0,1905.0
1543972946.223775,5200.0,0.0,135.0,3.0,2.0,56.0,0.0,7.0,30.0,20.0,26.0,26.0,1040.0,840.0,1905.0
1543972946.324365,5200.0,0.0,135.0,3.0,2.0,56.0,0.0,7.0,27.0,17.0,24.0,23.0,1040.0,840.0,1905.0
1543972946.424964,5200.0,0.0,135.0,3.0,2.0,56.0,0.0,7.0,28.0,19.0,24.0,24.0,1040.0,840.0,1905.0
1543972946.525568,5200.0,0.0,135.0,3.0,2.0,56.0,0.0,7.0,27.0,19.0,24.0,24.0,1040.0,840.0,1905.0
1543972946.626158,5200.0,0.0,135.0,3.0,2.0,56.0,0.0,7.0,30.0,20.0,27.0,26.0,1040.0,840.0,1905.0
1543972946.726787,5200.0,0.0,135.0,3.0,2.0,56.0,0.0,7.0,30.0,19.0,27.0,26.0,1040.0,840.0,1905.0
1543972946.82736,5200.0,0.0,135.0,3.0,2.0,56.0,0.0,7.0,30.0,20.0,27.0,26.0,1040.0,840.0,1905.0
1543972946.927944,5200.0,0.0,135.0,3.0,2.0,56.0,0.0,7.0,27.0,18.0,24.0,23.0,1040.0,840.0,1905.0
1543972947.028537,5200.0,0.0,135.0,3.0,2.0,56.0,0.0,7.0,30.0,19.0,26.0,26.0,1040.0,840.0,1905.0
1543972947.229735,5200.0,0.0,135.0,3.0,2.0,56.0,0.0,7.0,28.0,19.0,25.0,24.0,1040.0,840.0,1905.0
1543972947.331043,5200.0,0.0,135.0,3.0,2.0,56.0,0.0,7.0,27.0,19.0,23.0,24.0,1040.0,840.0,1905.0
1543972947.431635,5200.0,0.0,135.0,3.0,2.0,56.0,0.0,7.0,29.0,19.0,26.0,25.0,1040.0,840.0,1905.0
1543972947.532247,5200.0,0.0,135.0,3.0,2.0,56.0,0.0,7.0,30.0,19.0,27.0,26.0,1040.0,840.0,1905.0
1543972947.632825,5200.0,0.0,135.0,3.0,2.0,56.0,0.0,7.0,28.0,18.0,26.0,23.0,1040.0,840.0,1905.0
1543972947.733456,5200.0,0.0,135.0,3.0,2.0,56.0,0.0,7.0,29.0,19.0,26.0,26.0,1040.0,840.0,1905.0
1543972947.834036,5200.0,0.0,135.0,3.0,2.0,56.0,0.0,7.0,30.0,19.0,27.0,26.0,1040.0,840.0,1905.0
1543972947.934622,5200.0,0.0,135.0,3.0,2.0,56.0,0.0,7.0,27.0,19.0,24.0,24.0,1040.0,840.0,1905.0
1543972948.035238,5200.0,0.0,135.0,3.0,2.0,56.0,0.0,7.0,27.0,19.0,24.0,23.0,1040.0,840.0,1905.0
1543972948.135808,5200.0,0.0,135.0,3.0,2.0,56.0,0.0,7.0,30.0,20.0,27.0,25.0,1040.0,840.0,1905.0
1543972948.236412,5200.0,0.0,135.0,3.0,2.0,56.0,0.0,7.0,27.0,19.0,24.0,23.0,1040.0,840.0,1905.0
1543972948.34364,5200.0,0.0,135.0,3.0,2.0,56.0,0.0,7.0,30.0,20.0,26.0,26.0,1040.0,840.0,1905.0
1543972948.437561,5200.0,0.0,135.0,3.0,2.0,56.0,0.0,7.0,28.0,19.0,24.0,24.0,1040.0,840.0,1905.0
1543972948.538164,5200.0,0.0,135.0,3.0,2.0,56.0,0.0,7.0,30.0,20.0,27.0,26.0,1040.0,840.0,1905.0
1543972948.638762,5200.0,0.0,135.0,3.0,2.0,56.0,0.0,7.0,27.0,19.0,24.0,23.0,1040.0,840.0,1905.0
1543972948.739349,5200.0,0.0,135.0,3.0,2.0,56.0,0.0,7.0,30.0,19.0,27.0,25.0,1040.0,840.0,1905.0
1543972948.839936,5200.0,0.0,135.0,3.0,2.0,56.0,0.0,7.0,29.0,19.0,26.0,25.0,1040.0,840.0,1905.0
1543972948.940543,5200.0,0.0,135.0,3.0,2.0,56.0,0.0,7.0,28.0,20.0,24.0,25.0,1040.0,840.0,1905.0
1543972949.041137,5200.0,0.0,135.0,3.0,2.0,56.0,0.0,7.0,30.0,20.0,27.0,26.0,1040.0,840.0,1905.0
1543972949.242305,5200.0,0.0,135.0,3.0,2.0,56.0,0.0,7.0,28.0,17.0,25.0,24.0,1040.0,840.0,1905.0
1543972949.342903,5200.0,0.0,135.0,3.0,2.0,56.0,0.0,7.0,28.0,20.0,24.0,24.0,1040.0,840.0,1905.0
1543972949.443557,5200.0,0.0,135.0,3.0,2.0,56.0,0.0,7.0,28.0,19.0,25.0,24.0,1040.0,840.0,1905.0
1543972949.544134,5200.0,0.0,135.0,3.0,2.0,56.0,0.0,7.0,29.0,18.0,26.0,26.0,1040.0,840.0,1905.0
1543972949.645442,5200.0,0.0,135.0,3.0,2.0,56.0,0.0,7.0,28.0,18.0,25.0,25.0,1040.0,840.0,1905.0
1543972949.74604,5200.0,0.0,135.0,3.0,2.0,56.0,0.0,7.0,30.0,20.0,27.0,26.0,1040.0,840.0,1905.0
1543972949.846688,5200.0,0.0,135.0,3.0,2.0,56.0,0.0,7.0,29.0,19.0,26.0,25.0,1040.0,840.0,1905.0
1543972949.947255,5200.0,0.0,135.0,3.0,2.0,56.0,0.0,7.0,29.0,19.0,26.0,26.0,1040.0,840.0,1905.0
1543972950.047837,5200.0,0.0,135.0,3.0,2.0,56.0,0.0,7.0,30.0,20.0,27.0,25.0,1040.0,840.0,1905.0
1543972950.148431,5200.0,0.0,135.0,3.0,2.0,56.0,0.0,7.0,27.0,18.0,25.0,23.0,1040.0,840.0,1905.0
1543972950.249003,5200.0,0.0,135.0,3.0,2.0,56.0,0.0,7.0,30.0,19.0,27.0,25.0,1040.0,840.0,1905.0
1543972950.349603,5200.0,0.0,135.0,3.0,2.0,56.0,0.0,7.0,28.0,19.0,25.0,23.0,1040.0,840.0,1905.0
1543972950.45019,5200.0,0.0,135.0,3.0,2.0,56.0,0.0,7.0,28.0,19.0,24.0,26.0,1040.0,840.0,1905.0
1543972950.55077,5200.0,0.0,135.0,3.0,2.0,56.0,0.0,7.0,29.0,19.0,26.0,26.0,1040.0,840.0,1905.0
1543972950.65136,5200.0,0.0,135.0,3.0,2.0,56.0,0.0,7.0,30.0,19.0,27.0,26.0,1040.0,840.0,1905.0
1543972950.751963,5200.0,0.0,135.0,3.0,2.0,56.0,0.0,7.0,28.0,19.0,24.0,24.0,1040.0,840.0,1905.0
1543972950.852574,5200.0,0.0,135.0,3.0,2.0,56.0,0.0,7.0,29.0,19.0,25.0,26.0,1040.0,840.0,1905.0
1543972950.953162,5200.0,0.0,135.0,3.0,2.0,56.0,0.0,7.0,30.0,19.0,26.0,26.0,1040.0,840.0,1905.0
1543972951.154356,5200.0,0.0,135.0,3.0,2.0,56.0,0.0,7.0,28.0,18.0,25.0,24.0,1040.0,840.0,1905.0
1543972951.254955,5200.0,0.0,135.0,3.0,2.0,56.0,0.0,7.0,28.0,19.0,25.0,24.0,1040.0,840.0,1905.0
1543972951.35554,5200.0,0.0,135.0,3.0,2.0,56.0,0.0,7.0,29.0,19.0,27.0,25.0,1040.0,840.0,1905.0
1543972951.456131,5200.0,0.0,135.0,3.0,2.0,56.0,0.0,7.0,29.0,19.0,26.0,25.0,1040.0,840.0,1905.0
1543972951.556777,5200.0,0.0,135.0,3.0,2.0,56.0,0.0,7.0,30.0,19.0,27.0,26.0,1040.0,840.0,1905.0
1543972951.657333,5200.0,0.0,135.0,3.0,2.0,56.0,0.0,7.0,30.0,20.0,27.0,26.0,1040.0,840.0,1905.0
1543972951.757922,5200.0,0.0,135.0,3.0,2.0,56.0,0.0,7.0,28.0,19.0,24.0,24.0,1040.0,840.0,1905.0
1543972951.858536,5200.0,0.0,135.0,3.0,2.0,56.0,0.0,7.0,28.0,18.0,25.0,24.0,1040.0,840.0,1905.0
1543972951.959128,5200.0,0.0,135.0,3.0,2.0,56.0,0.0,7.0,27.0,18.0,25.0,23.0,1040.0,840.0,1905.0
1543972952.060454,5200.0,0.0,135.0,3.0,2.0,56.0,0.0,7.0,30.0,19.0,27.0,26.0,1040.0,840.0,1905.0
1543972952.161048,5200.0,0.0,135.0,3.0,2.0,56.0,0.0,7.0,30.0,20.0,27.0,26.0,1040.0,840.0,1905.0
1543972952.26164,5200.0,0.0,135.0,3.0,2.0,56.0,0.0,7.0,28.0,17.0,25.0,23.0,1040.0,840.0,1905.0
1543972952.362236,5200.0,0.0,135.0,3.0,2.0,56.0,0.0,7.0,29.0,17.0,26.0,26.0,1040.0,840.0,1905.0
1543972952.462823,5200.0,0.0,135.0,3.0,2.0,56.0,0.0,7.0,29.0,20.0,27.0,24.0,1040.0,840.0,1905.0
1543972952.563488,5200.0,0.0,135.0,3.0,2.0,56.0,0.0,7.0,29.0,20.0,26.0,25.0,1040.0,840.0,1905.0
1543972952.66409,5200.0,0.0,135.0,3.0,2.0,56.0,0.0,7.0,30.0,19.0,26.0,26.0,1040.0,840.0,1905.0
1543972952.764687,5200.0,0.0,135.0,3.0,2.0,56.0,0.0,7.0,30.0,19.0,27.0,25.0,1040.0,840.0,1905.0
1543972952.865286,5200.0,0.0,135.0,3.0,2.0,56.0,0.0,7.0,29.0,19.0,26.0,25.0,1040.0,840.0,1905.0
1543972952.965886,5200.0,0.0,135.0,3.0,2.0,56.0,0.0,7.0,28.0,19.0,25.0,23.0,1040.0,840.0,1905.0
1543972953.16709,5200.0,0.0,135.0,3.0,2.0,56.0,0.0,7.0,29.0,19.0,26.0,26.0,1040.0,840.0,1905.0
1543972953.267697,5200.0,0.0,135.0,3.0,2.0,56.0,0.0,7.0,28.0,20.0,24.0,24.0,1040.0,840.0,1905.0
1543972953.368289,5200.0,0.0,135.0,3.0,2.0,56.0,0.0,7.0,30.0,19.0,27.0,26.0,1040.0,840.0,1905.0
1543972953.468882,5200.0,0.0,135.0,3.0,2.0,56.0,0.0,7.0,28.0,19.0,25.0,23.0,1040.0,840.0,1905.0
1543972953.569481,5200.0,0.0,135.0,3.0,2.0,56.0,0.0,7.0,29.0,19.0,27.0,23.0,1040.0,840.0,1905.0
1543972953.670077,5200.0,0.0,135.0,3.0,2.0,56.0,0.0,7.0,28.0,19.0,24.0,24.0,1040.0,840.0,1905.0
1543972953.77068,5200.0,0.0,135.0,3.0,2.0,56.0,0.0,7.0,28.0,19.0,24.0,23.0,1040.0,840.0,1905.0
1543972953.871275,5200.0,0.0,135.0,3.0,2.0,56.0,0.0,7.0,28.0,19.0,25.0,23.0,1040.0,840.0,1905.0
1543972953.971882,5200.0,0.0,135.0,3.0,2.0,56.0,0.0,7.0,30.0,20.0,28.0,24.0,1040.0,840.0,1905.0
1543972954.072473,5200.0,0.0,135.0,3.0,2.0,56.0,0.0,7.0,30.0,20.0,27.0,26.0,1040.0,840.0,1905.0
1543972954.173104,5200.0,0.0,135.0,3.0,2.0,56.0,0.0,7.0,29.0,19.0,26.0,24.0,1040.0,840.0,1905.0
1543972954.273687,5200.0,0.0,135.0,3.0,2.0,56.0,0.0,7.0,27.0,19.0,23.0,24.0,1040.0,840.0,1905.0
1543972954.375002,5200.0,0.0,135.0,3.0,2.0,56.0,0.0,7.0,29.0,19.0,26.0,25.0,1040.0,840.0,1905.0
1543972954.475604,5200.0,0.0,135.0,3.0,2.0,56.0,0.0,7.0,29.0,19.0,27.0,25.0,1040.0,840.0,1905.0
1543972954.576201,5200.0,0.0,135.0,3.0,2.0,56.0,0.0,7.0,28.0,19.0,25.0,25.0,1040.0,840.0,1905.0
1543972954.676829,5200.0,0.0,135.0,3.0,2.0,56.0,0.0,7.0,28.0,19.0,26.0,23.0,1040.0,840.0,1905.0
1543972954.777407,5200.0,0.0,135.0,3.0,2.0,56.0,0.0,7.0,28.0,20.0,25.0,23.0,1040.0,840.0,1905.0
1543972954.87801,5200.0,0.0,135.0,3.0,2.0,56.0,0.0,7.0,30.0,19.0,27.0,26.0,1040.0,840.0,1905.0
1543972955.079235,5200.0,0.0,135.0,3.0,2.0,56.0,0.0,7.0,28.0,20.0,25.0,25.0,1040.0,840.0,1905.0
1543972955.179832,5200.0,0.0,135.0,3.0,2.0,56.0,0.0,7.0,28.0,17.0,25.0,24.0,1040.0,840.0,1905.0
1543972955.280431,5200.0,0.0,135.0,3.0,2.0,56.0,0.0,7.0,28.0,19.0,25.0,24.0,1040.0,840.0,1905.0
1543972955.381045,5200.0,0.0,135.0,3.0,2.0,56.0,0.0,7.0,30.0,20.0,27.0,26.0,1040.0,840.0,1905.0
1543972955.48164,5200.0,0.0,135.0,3.0,2.0,56.0,0.0,7.0,29.0,19.0,26.0,24.0,1040.0,840.0,1905.0
1543972955.582244,5200.0,0.0,135.0,3.0,2.0,56.0,0.0,7.0,29.0,19.0,25.0,25.0,1040.0,840.0,1905.0
1543972955.682891,5200.0,0.0,135.0,3.0,2.0,56.0,0.0,7.0,27.0,19.0,24.0,23.0,1040.0,840.0,1905.0
1543972955.783547,5200.0,0.0,135.0,3.0,2.0,56.0,0.0,7.0,29.0,20.0,26.0,25.0,1040.0,840.0,1905.0
1543972955.88415,5200.0,0.0,135.0,3.0,2.0,56.0,0.0,7.0,30.0,19.0,26.0,26.0,1040.0,840.0,1905.0
1543972955.984752,5200.0,0.0,135.0,3.0,2.0,56.0,0.0,7.0,30.0,20.0,27.0,27.0,1040.0,840.0,1905.0
1543972956.085365,5200.0,0.0,135.0,3.0,2.0,56.0,0.0,7.0,28.0,20.0,25.0,23.0,1040.0,840.0,1905.0
1543972956.185949,5200.0,0.0,135.0,3.0,2.0,56.0,0.0,7.0,29.0,20.0,25.0,26.0,1040.0,840.0,1905.0
1543972956.286587,5200.0,0.0,135.0,3.0,2.0,56.0,0.0,7.0,30.0,20.0,27.0,26.0,1040.0,840.0,1905.0
1543972956.387145,5200.0,0.0,135.0,3.0,2.0,56.0,0.0,7.0,30.0,19.0,27.0,26.0,1040.0,840.0,1905.0
1543972956.48776,5200.0,0.0,135.0,3.0,2.0,56.0,0.0,7.0,29.0,20.0,25.0,25.0,1040.0,840.0,1905.0
1543972956.588358,5200.0,0.0,135.0,3.0,2.0,56.0,0.0,7.0,27.0,19.0,24.0,24.0,1040.0,840.0,1905.0
1543972956.688955,5200.0,0.0,135.0,3.0,2.0,56.0,0.0,7.0,29.0,20.0,26.0,25.0,1040.0,840.0,1905.0
1543972956.789603,5200.0,0.0,135.0,3.0,2.0,56.0,0.0,7.0,28.0,18.0,25.0,23.0,1040.0,840.0,1905.0
1543972956.890197,5200.0,0.0,135.0,3.0,2.0,56.0,0.0,7.0,27.0,18.0,24.0,23.0,1040.0,840.0,1905.0
1543972957.091417,5200.0,0.0,135.0,3.0,2.0,56.0,0.0,7.0,29.0,19.0,26.0,25.0,1040.0,840.0,1905.0
1543972957.192001,5200.0,0.0,135.0,3.0,2.0,56.0,0.0,7.0,28.0,17.0,25.0,24.0,1040.0,840.0,1905.0
1543972957.292601,5200.0,0.0,135.0,3.0,2.0,56.0,0.0,7.0,28.0,19.0,24.0,24.0,1040.0,840.0,1905.0
1543972957.393218,5200.0,0.0,135.0,3.0,2.0,56.0,0.0,7.0,30.0,19.0,27.0,26.0,1040.0,840.0,1905.0
1543972957.493804,5200.0,0.0,135.0,3.0,2.0,56.0,0.0,7.0,30.0,20.0,27.0,25.0,1040.0,840.0,1905.0
1543972957.594416,5200.0,0.0,135.0,3.0,2.0,56.0,0.0,7.0,30.0,20.0,27.0,26.0,1040.0,840.0,1905.0
1543972957.695007,5200.0,0.0,135.0,3.0,2.0,56.0,0.0,7.0,29.0,20.0,27.0,25.0,1040.0,840.0,1905.0
1543972957.795613,5200.0,0.0,135.0,3.0,2.0,56.0,0.0,7.0,27.0,18.0,24.0,23.0,1040.0,840.0,1905.0
1543972957.896221,5200.0,0.0,135.0,3.0,2.0,56.0,0.0,7.0,28.0,19.0,25.0,24.0,1040.0,840.0,1905.0
1543972957.996859,5200.0,0.0,135.0,3.0,2.0,56.0,0.0,7.0,29.0,19.0,26.0,25.0,1040.0,840.0,1905.0
1543972958.097427,5200.0,0.0,135.0,3.0,2.0,56.0,0.0,7.0,30.0,20.0,27.0,26.0,1040.0,840.0,1905.0
1543972958.198004,5200.0,0.0,135.0,3.0,2.0,56.0,0.0,7.0,29.0,19.0,27.0,23.0,1040.0,840.0,1905.0
1543972958.298635,5200.0,0.0,135.0,3.0,2.0,56.0,0.0,7.0,28.0,19.0,25.0,22.0,1040.0,840.0,1905.0
1543972958.39922,5200.0,0.0,135.0,3.0,2.0,56.0,0.0,7.0,28.0,20.0,24.0,25.0,1040.0,840.0,1905.0
1543972958.499817,5200.0,0.0,135.0,3.0,2.0,56.0,0.0,7.0,28.0,19.0,25.0,24.0,1040.0,840.0,1905.0
1543972958.600424,5200.0,0.0,135.0,3.0,2.0,56.0,0.0,7.0,30.0,18.0,27.0,25.0,1040.0,840.0,1905.0
1543972958.700997,5200.0,0.0,135.0,3.0,2.0,56.0,0.0,7.0,29.0,19.0,27.0,25.0,1040.0,840.0,1905.0
1543972958.801608,5200.0,0.0,135.0,3.0,2.0,56.0,0.0,7.0,29.0,19.0,27.0,25.0,1040.0,840.0,1905.0
1543972959.002807,5200.0,0.0,135.0,3.0,2.0,56.0,0.0,7.0,27.0,18.0,25.0,23.0,1040.0,840.0,1905.0
1543972959.104176,5200.0,0.0,135.0,3.0,2.0,56.0,0.0,7.0,28.0,18.0,24.0,24.0,1040.0,840.0,1905.0
1543972959.204775,5200.0,0.0,135.0,3.0,2.0,56.0,0.0,7.0,30.0,20.0,27.0,26.0,1040.0,840.0,1905.0
1543972959.30538,5200.0,0.0,135.0,3.0,2.0,56.0,0.0,7.0,27.0,16.0,23.0,23.0,1040.0,840.0,1905.0
1543972959.406106,5200.0,0.0,135.0,3.0,2.0,56.0,0.0,7.0,29.0,19.0,26.0,26.0,1040.0,840.0,1905.0
1543972959.506815,5200.0,0.0,135.0,3.0,2.0,56.0,0.0,7.0,30.0,20.0,27.0,26.0,1040.0,840.0,1905.0
1543972959.607317,5200.0,0.0,135.0,3.0,2.0,56.0,0.0,7.0,30.0,20.0,27.0,26.0,1040.0,840.0,1905.0
1543972959.707917,5200.0,0.0,135.0,3.0,2.0,56.0,0.0,7.0,29.0,19.0,27.0,25.0,1040.0,840.0,1905.0
1543972959.808515,5200.0,0.0,135.0,3.0,2.0,56.0,0.0,7.0,29.0,19.0,27.0,25.0,1040.0,840.0,1905.0
1543972959.909111,5200.0,0.0,135.0,3.0,2.0,56.0,0.0,7.0,29.0,19.0,27.0,25.0,1040.0,840.0,1905.0
1543972960.009711,5200.0,0.0,135.0,3.0,2.0,56.0,0.0,7.0,28.0,19.0,26.0,24.0,1040.0,840.0,1905.0
1543972960.110302,5200.0,0.0,135.0,3.0,2.0,56.0,0.0,7.0,29.0,19.0,27.0,23.0,1040.0,840.0,1905.0
1543972960.210903,5200.0,0.0,135.0,3.0,2.0,56.0,0.0,7.0,29.0,19.0,27.0,24.0,1040.0,840.0,1905.0
1543972960.311509,5200.0,0.0,135.0,3.0,2.0,56.0,0.0,7.0,29.0,19.0,26.0,26.0,1040.0,840.0,1905.0
1543972960.412116,5200.0,0.0,135.0,3.0,2.0,56.0,0.0,7.0,30.0,20.0,27.0,26.0,1040.0,840.0,1905.0
1543972960.512729,5200.0,0.0,135.0,3.0,2.0,56.0,0.0,7.0,30.0,20.0,27.0,26.0,1040.0,840.0,1905.0
1543972960.613358,5200.0,0.0,135.0,3.0,2.0,56.0,0.0,7.0,29.0,20.0,26.0,26.0,1040.0,840.0,1905.0
1543972960.713954,5200.0,0.0,135.0,3.0,2.0,56.0,0.0,7.0,29.0,19.0,26.0,26.0,1040.0,840.0,1905.0
1543972960.814555,5200.0,0.0,135.0,3.0,2.0,56.0,0.0,7.0,29.0,20.0,26.0,24.0,1040.0,840.0,1905.0
1543972961.015777,5200.0,0.0,135.0,3.0,2.0,56.0,0.0,7.0,28.0,19.0,24.0,25.0,1040.0,840.0,1905.0
1543972961.116928,5200.0,0.0,135.0,3.0,2.0,56.0,0.0,7.0,29.0,19.0,27.0,25.0,1040.0,840.0,1905.0
1543972961.216863,5200.0,0.0,135.0,3.0,2.0,56.0,0.0,7.0,28.0,19.0,24.0,25.0,1040.0,840.0,1905.0
1543972961.317451,5200.0,0.0,135.0,3.0,2.0,56.0,0.0,7.0,28.0,19.0,25.0,24.0,1040.0,840.0,1905.0
1543972961.418044,5200.0,0.0,135.0,3.0,2.0,56.0,0.0,7.0,28.0,19.0,24.0,24.0,1040.0,840.0,1905.0
1543972961.519368,5200.0,0.0,135.0,3.0,2.0,56.0,0.0,7.0,28.0,20.0,25.0,23.0,1040.0,840.0,1905.0
1543972961.619971,5200.0,0.0,135.0,3.0,2.0,56.0,0.0,7.0,30.0,20.0,27.0,26.0,1040.0,840.0,1905.0
1543972961.720567,5200.0,0.0,135.0,3.0,2.0,56.0,0.0,7.0,30.0,20.0,27.0,25.0,1040.0,840.0,1905.0
1543972961.821151,5200.0,0.0,135.0,3.0,2.0,56.0,0.0,7.0,28.0,19.0,25.0,23.0,1040.0,840.0,1905.0
1543972961.921766,5200.0,0.0,135.0,3.0,2.0,56.0,0.0,7.0,29.0,19.0,26.0,26.0,1040.0,840.0,1905.0
1543972962.022347,5200.0,0.0,135.0,3.0,2.0,56.0,0.0,7.0,28.0,19.0,25.0,23.0,1040.0,840.0,1905.0
1543972962.122927,5200.0,0.0,135.0,3.0,2.0,56.0,0.0,7.0,29.0,20.0,25.0,25.0,1040.0,840.0,1905.0
1543972962.2236,5200.0,0.0,135.0,3.0,2.0,56.0,0.0,7.0,29.0,20.0,24.0,26.0,1040.0,840.0,1905.0
1543972962.3242,5200.0,0.0,135.0,3.0,2.0,56.0,0.0,7.0,29.0,19.0,27.0,25.0,1040.0,840.0,1905.0
1543972962.424794,5200.0,0.0,135.0,3.0,2.0,56.0,0.0,7.0,30.0,19.0,27.0,26.0,1040.0,840.0,1905.0
1543972962.525414,5200.0,0.0,135.0,3.0,2.0,56.0,0.0,7.0,29.0,18.0,27.0,25.0,1040.0,840.0,1905.0
1543972962.625997,5200.0,0.0,135.0,3.0,2.0,56.0,0.0,7.0,28.0,17.0,24.0,25.0,1040.0,840.0,1905.0
1543972962.726632,5200.0,0.0,135.0,3.0,2.0,56.0,0.0,7.0,30.0,20.0,26.0,26.0,1040.0,840.0,1905.0
1543972962.927796,5200.0,0.0,135.0,3.0,2.0,56.0,0.0,7.0,28.0,19.0,25.0,23.0,1040.0,840.0,1905.0
1543972963.02841,5200.0,0.0,135.0,3.0,2.0,56.0,0.0,7.0,30.0,19.0,26.0,26.0,1040.0,840.0,1905.0
1543972963.128986,5200.0,0.0,135.0,3.0,2.0,56.0,0.0,7.0,28.0,19.0,25.0,23.0,1040.0,840.0,1905.0
1543972963.229592,5200.0,0.0,135.0,3.0,2.0,56.0,0.0,7.0,30.0,19.0,27.0,26.0,1040.0,840.0,1905.0
1543972963.330201,5200.0,0.0,135.0,3.0,2.0,56.0,0.0,7.0,29.0,19.0,26.0,26.0,1040.0,840.0,1905.0
1543972963.430794,5200.0,0.0,135.0,3.0,2.0,56.0,0.0,7.0,29.0,19.0,26.0,25.0,1040.0,840.0,1905.0
1543972963.531387,5200.0,0.0,135.0,3.0,2.0,56.0,0.0,7.0,30.0,20.0,27.0,26.0,1040.0,840.0,1905.0
1543972963.631995,5200.0,0.0,135.0,3.0,2.0,56.0,0.0,7.0,30.0,19.0,27.0,26.0,1040.0,840.0,1905.0
1543972963.732592,5200.0,0.0,135.0,3.0,2.0,56.0,0.0,7.0,29.0,19.0,26.0,25.0,1040.0,840.0,1905.0
1543972963.833966,5200.0,0.0,135.0,3.0,2.0,56.0,0.0,7.0,27.0,19.0,25.0,23.0,1040.0,840.0,1905.0
1543972963.934583,5200.0,0.0,135.0,3.0,2.0,56.0,0.0,7.0,27.0,20.0,24.0,23.0,1040.0,840.0,1905.0
1543972964.035183,5200.0,0.0,135.0,3.0,2.0,56.0,0.0,7.0,28.0,19.0,25.0,24.0,1040.0,840.0,1905.0
1543972964.135761,5200.0,0.0,135.0,3.0,2.0,56.0,0.0,7.0,30.0,20.0,27.0,26.0,1040.0,840.0,1905.0
1543972964.236352,5200.0,0.0,135.0,3.0,2.0,56.0,0.0,7.0,30.0,20.0,27.0,25.0,1040.0,840.0,1905.0
1543972964.336976,5200.0,0.0,135.0,3.0,2.0,56.0,0.0,7.0,30.0,20.0,27.0,26.0,1040.0,840.0,1905.0
1543972964.437555,5200.0,0.0,135.0,3.0,2.0,56.0,0.0,7.0,30.0,20.0,27.0,26.0,1040.0,840.0,1905.0
1543972964.538154,5200.0,0.0,135.0,3.0,2.0,56.0,0.0,7.0,30.0,20.0,27.0,26.0,1040.0,840.0,1905.0
1543972964.638748,5200.0,0.0,135.0,3.0,2.0,56.0,0.0,7.0,28.0,20.0,25.0,23.0,1040.0,840.0,1905.0
1543972964.739341,5200.0,0.0,135.0,3.0,2.0,56.0,0.0,7.0,27.0,20.0,23.0,24.0,1040.0,840.0,1905.0
1543972964.940558,5200.0,0.0,135.0,3.0,2.0,56.0,0.0,7.0,30.0,19.0,27.0,26.0,1040.0,840.0,1905.0
1543972965.041161,5200.0,0.0,135.0,3.0,2.0,56.0,0.0,7.0,30.0,19.0,27.0,26.0,1040.0,840.0,1905.0
1543972965.141771,5200.0,0.0,135.0,3.0,2.0,56.0,0.0,7.0,30.0,19.0,27.0,26.0,1040.0,840.0,1905.0
1543972965.242347,5200.0,0.0,135.0,3.0,2.0,56.0,0.0,7.0,30.0,20.0,27.0,26.0,1040.0,840.0,1905.0
1543972965.342944,5200.0,0.0,135.0,3.0,2.0,56.0,0.0,7.0,30.0,19.0,26.0,26.0,1040.0,840.0,1905.0
1543972965.443587,5200.0,0.0,135.0,3.0,2.0,56.0,0.0,7.0,28.0,19.0,25.0,23.0,1040.0,840.0,1905.0
1543972965.544197,5200.0,0.0,135.0,3.0,2.0,56.0,0.0,7.0,30.0,20.0,27.0,26.0,1040.0,840.0,1905.0
1543972965.644806,5200.0,0.0,135.0,3.0,2.0,56.0,0.0,7.0,29.0,20.0,26.0,25.0,1040.0,840.0,1905.0
1543972965.745402,5200.0,0.0,135.0,3.0,2.0,56.0,0.0,7.0,29.0,19.0,27.0,25.0,1040.0,840.0,1905.0
1543972965.845998,5200.0,0.0,135.0,3.0,2.0,56.0,0.0,7.0,29.0,19.0,27.0,25.0,1040.0,840.0,1905.0
1543972965.946615,5200.0,0.0,135.0,3.0,2.0,56.0,0.0,7.0,28.0,19.0,25.0,22.0,1040.0,840.0,1905.0
1543972966.047196,5200.0,0.0,135.0,3.0,2.0,56.0,0.0,7.0,28.0,19.0,26.0,24.0,1040.0,840.0,1905.0
1543972966.147804,5200.0,0.0,135.0,3.0,2.0,56.0,0.0,7.0,30.0,20.0,27.0,26.0,1040.0,840.0,1905.0
1543972966.249103,5200.0,0.0,135.0,3.0,2.0,56.0,0.0,7.0,30.0,20.0,27.0,26.0,1040.0,840.0,1905.0
1543972966.349713,5200.0,0.0,135.0,3.0,2.0,56.0,0.0,7.0,30.0,19.0,27.0,26.0,1040.0,840.0,1905.0
1543972966.450299,5200.0,0.0,135.0,3.0,2.0,56.0,0.0,7.0,29.0,20.0,27.0,24.0,1040.0,840.0,1905.0
1543972966.550901,5200.0,0.0,135.0,3.0,2.0,56.0,0.0,7.0,30.0,20.0,27.0,26.0,1040.0,840.0,1905.0
1543972966.651503,5200.0,0.0,135.0,3.0,2.0,56.0,0.0,7.0,30.0,20.0,27.0,26.0,1040.0,840.0,1905.0
1543972966.852725,5200.0,0.0,135.0,3.0,2.0,56.0,0.0,7.0,27.0,18.0,24.0,24.0,1040.0,840.0,1905.0
1543972966.953672,5200.0,0.0,135.0,3.0,2.0,56.0,0.0,7.0,28.0,18.0,25.0,24.0,1040.0,840.0,1905.0
1543972967.054061,5200.0,0.0,135.0,3.0,2.0,56.0,0.0,7.0,27.0,19.0,24.0,22.0,1040.0,840.0,1905.0
1543972967.154652,5200.0,0.0,135.0,3.0,2.0,56.0,0.0,7.0,27.0,19.0,24.0,23.0,1040.0,840.0,1905.0
1543972967.255256,5200.0,0.0,135.0,3.0,2.0,56.0,0.0,7.0,29.0,19.0,26.0,25.0,1040.0,840.0,1905.0
1543972967.355849,5200.0,0.0,135.0,3.0,2.0,56.0,0.0,7.0,29.0,19.0,26.0,25.0,1040.0,840.0,1905.0
1543972967.456439,5200.0,0.0,135.0,3.0,2.0,56.0,0.0,7.0,29.0,18.0,26.0,26.0,1040.0,840.0,1905.0
1543972967.55705,5200.0,0.0,135.0,3.0,2.0,56.0,0.0,7.0,29.0,19.0,27.0,24.0,1040.0,840.0,1905.0
1543972967.65765,5200.0,0.0,135.0,3.0,2.0,56.0,0.0,7.0,28.0,18.0,25.0,23.0,1040.0,840.0,1905.0
1543972967.758247,5200.0,0.0,135.0,3.0,2.0,56.0,0.0,7.0,30.0,20.0,27.0,26.0,1040.0,840.0,1905.0
1543972967.858876,5200.0,0.0,135.0,3.0,2.0,56.0,0.0,7.0,27.0,18.0,24.0,23.0,1040.0,840.0,1905.0
1543972967.95946,5200.0,0.0,135.0,3.0,2.0,56.0,0.0,7.0,29.0,20.0,27.0,25.0,1040.0,840.0,1905.0
1543972968.060061,5200.0,0.0,135.0,3.0,2.0,56.0,0.0,7.0,29.0,19.0,25.0,26.0,1040.0,840.0,1905.0
1543972968.160658,5200.0,0.0,135.0,3.0,2.0,56.0,0.0,7.0,28.0,20.0,26.0,23.0,1040.0,840.0,1905.0
1543972968.261248,5200.0,0.0,135.0,3.0,2.0,56.0,0.0,7.0,30.0,20.0,26.0,26.0,1040.0,840.0,1905.0
1543972968.361828,5200.0,0.0,135.0,3.0,2.0,56.0,0.0,7.0,30.0,19.0,27.0,26.0,1040.0,840.0,1905.0
1543972968.46244,5200.0,0.0,135.0,3.0,2.0,56.0,0.0,7.0,30.0,20.0,27.0,26.0,1040.0,840.0,1905.0
1543972968.563803,5200.0,0.0,135.0,3.0,2.0,56.0,0.0,7.0,28.0,18.0,25.0,24.0,1040.0,840.0,1905.0
1543972968.664397,5200.0,0.0,135.0,3.0,2.0,56.0,0.0,7.0,30.0,20.0,27.0,26.0,1040.0,840.0,1905.0
1543972968.764992,5200.0,0.0,135.0,3.0,2.0,56.0,0.0,7.0,30.0,20.0,26.0,26.0,1040.0,840.0,1905.0
1543972968.865586,5200.0,0.0,135.0,3.0,2.0,56.0,0.0,7.0,30.0,20.0,25.0,27.0,1040.0,840.0,1905.0
1543972968.966183,5200.0,0.0,135.0,3.0,2.0,56.0,0.0,7.0,29.0,19.0,26.0,25.0,1040.0,840.0,1905.0
1543972969.066811,5200.0,0.0,135.0,3.0,2.0,56.0,0.0,7.0,30.0,20.0,27.0,26.0,1040.0,840.0,1905.0
1543972969.16738,5200.0,0.0,135.0,3.0,2.0,56.0,0.0,7.0,29.0,19.0,25.0,26.0,1040.0,840.0,1905.0
1543972969.267993,5200.0,0.0,135.0,3.0,2.0,56.0,0.0,7.0,30.0,19.0,27.0,26.0,1040.0,840.0,1905.0
1543972969.368599,5200.0,0.0,135.0,3.0,2.0,56.0,0.0,7.0,30.0,19.0,27.0,27.0,1040.0,840.0,1905.0
1543972969.469197,5200.0,0.0,135.0,3.0,2.0,56.0,0.0,7.0,28.0,19.0,25.0,24.0,1040.0,840.0,1905.0
1543972969.569807,5200.0,0.0,135.0,3.0,2.0,56.0,0.0,7.0,29.0,20.0,27.0,24.0,1040.0,840.0,1905.0
1543972969.670406,5200.0,0.0,135.0,3.0,2.0,56.0,0.0,7.0,30.0,19.0,27.0,26.0,1040.0,840.0,1905.0
1543972969.771033,5200.0,0.0,135.0,3.0,2.0,56.0,0.0,7.0,28.0,19.0,24.0,25.0,1040.0,840.0,1905.0
1543972969.871617,5200.0,0.0,135.0,3.0,2.0,56.0,0.0,7.0,28.0,19.0,25.0,23.0,1040.0,840.0,1905.0
1543972969.97223,5200.0,0.0,135.0,3.0,2.0,56.0,0.0,7.0,27.0,19.0,23.0,24.0,1040.0,840.0,1905.0
1543972970.072833,5200.0,0.0,135.0,3.0,2.0,56.0,0.0,7.0,27.0,17.0,24.0,23.0,1040.0,840.0,1905.0
1543972970.17349,5200.0,0.0,135.0,3.0,2.0,56.0,0.0,7.0,27.0,17.0,24.0,23.0,1040.0,840.0,1905.0
1543972970.274091,5200.0,0.0,135.0,3.0,2.0,56.0,0.0,7.0,29.0,19.0,26.0,26.0,1040.0,840.0,1905.0
1543972970.374692,5200.0,0.0,135.0,3.0,2.0,56.0,0.0,7.0,27.0,19.0,23.0,24.0,1040.0,840.0,1905.0
1543972970.475299,5200.0,0.0,135.0,3.0,2.0,56.0,0.0,7.0,28.0,16.0,25.0,24.0,1040.0,840.0,1905.0
1543972970.575898,5200.0,0.0,135.0,3.0,2.0,56.0,0.0,7.0,28.0,20.0,25.0,24.0,1040.0,840.0,1905.0
1543972970.776954,5200.0,0.0,135.0,3.0,2.0,56.0,0.0,7.0,27.0,19.0,24.0,23.0,1040.0,840.0,1905.0
1543972970.877569,5200.0,0.0,135.0,3.0,2.0,56.0,0.0,7.0,30.0,19.0,27.0,26.0,1040.0,840.0,1905.0
1543972970.978865,5200.0,0.0,135.0,3.0,2.0,56.0,0.0,7.0,27.0,18.0,23.0,24.0,1040.0,840.0,1905.0
1543972971.079473,5200.0,0.0,135.0,3.0,2.0,56.0,0.0,7.0,30.0,19.0,27.0,25.0,1040.0,840.0,1905.0
1543972971.180062,5200.0,0.0,135.0,3.0,2.0,56.0,0.0,7.0,29.0,20.0,25.0,26.0,1040.0,840.0,1905.0
1543972971.280665,5200.0,0.0,135.0,3.0,2.0,56.0,0.0,7.0,30.0,20.0,27.0,26.0,1040.0,840.0,1905.0
1543972971.381257,5200.0,0.0,135.0,3.0,2.0,56.0,0.0,7.0,28.0,18.0,24.0,25.0,1040.0,840.0,1905.0
1543972971.481848,5200.0,0.0,135.0,3.0,2.0,56.0,0.0,7.0,30.0,20.0,27.0,25.0,1040.0,840.0,1905.0
1543972971.582449,5200.0,0.0,135.0,3.0,2.0,56.0,0.0,7.0,29.0,19.0,26.0,26.0,1040.0,840.0,1905.0
1543972971.683036,5200.0,0.0,135.0,3.0,2.0,56.0,0.0,7.0,28.0,20.0,24.0,24.0,1040.0,840.0,1905.0
1543972971.783699,5200.0,0.0,135.0,3.0,2.0,56.0,0.0,7.0,27.0,20.0,23.0,24.0,1040.0,840.0,1905.0
1543972971.884308,5200.0,0.0,135.0,3.0,2.0,56.0,0.0,7.0,30.0,19.0,27.0,25.0,1040.0,840.0,1905.0
1543972971.984899,5200.0,0.0,135.0,3.0,2.0,56.0,0.0,7.0,27.0,16.0,23.0,23.0,1040.0,840.0,1905.0
1543972972.085512,5200.0,0.0,135.0,3.0,2.0,56.0,0.0,7.0,30.0,19.0,27.0,26.0,1040.0,840.0,1905.0
1543972972.186112,5200.0,0.0,135.0,3.0,2.0,56.0,0.0,7.0,28.0,19.0,25.0,24.0,1040.0,840.0,1905.0
1543972972.286766,5200.0,0.0,135.0,3.0,2.0,56.0,0.0,7.0,30.0,19.0,27.0,26.0,1040.0,840.0,1905.0
1543972972.387315,5200.0,0.0,135.0,3.0,2.0,56.0,0.0,7.0,28.0,19.0,25.0,25.0,1040.0,840.0,1905.0
1543972972.487913,5200.0,0.0,135.0,3.0,2.0,56.0,0.0,7.0,29.0,20.0,25.0,26.0,1040.0,840.0,1905.0
1543972972.588523,5200.0,0.0,135.0,3.0,2.0,56.0,0.0,7.0,29.0,19.0,25.0,26.0,1040.0,840.0,1905.0
1543972972.689133,5200.0,0.0,135.0,3.0,2.0,56.0,0.0,7.0,30.0,20.0,27.0,26.0,1040.0,840.0,1905.0
1543972972.8902,5200.0,0.0,135.0,3.0,2.0,56.0,0.0,7.0,28.0,19.0,25.0,24.0,1040.0,840.0,1905.0
1543972972.990812,5200.0,0.0,135.0,3.0,2.0,56.0,0.0,7.0,30.0,20.0,26.0,26.0,1040.0,840.0,1905.0
1543972973.09143,5200.0,0.0,135.0,3.0,2.0,56.0,0.0,7.0,28.0,18.0,26.0,23.0,1040.0,840.0,1905.0
1543972973.192027,5200.0,0.0,135.0,3.0,2.0,56.0,0.0,7.0,29.0,19.0,25.0,26.0,1040.0,840.0,1905.0
1543972973.293298,5200.0,0.0,135.0,3.0,2.0,56.0,0.0,7.0,27.0,17.0,24.0,24.0,1040.0,840.0,1905.0
1543972973.393914,5200.0,0.0,135.0,3.0,2.0,56.0,0.0,7.0,28.0,19.0,24.0,24.0,1040.0,840.0,1905.0
1543972973.494505,5200.0,0.0,135.0,3.0,2.0,56.0,0.0,7.0,29.0,19.0,26.0,25.0,1040.0,840.0,1905.0
1543972973.59511,5200.0,0.0,135.0,3.0,2.0,56.0,0.0,7.0,28.0,19.0,25.0,23.0,1040.0,840.0,1905.0
1543972973.695704,5200.0,0.0,135.0,3.0,2.0,56.0,0.0,7.0,29.0,18.0,27.0,24.0,1040.0,840.0,1905.0
1543972973.796281,5200.0,0.0,135.0,3.0,2.0,56.0,0.0,7.0,29.0,19.0,24.0,26.0,1040.0,840.0,1905.0
1543972973.896886,5200.0,0.0,135.0,3.0,2.0,56.0,0.0,7.0,29.0,19.0,26.0,26.0,1040.0,840.0,1905.0
1543972973.997509,5200.0,0.0,135.0,3.0,2.0,56.0,0.0,7.0,28.0,18.0,25.0,24.0,1040.0,840.0,1905.0
1543972974.098103,5200.0,0.0,135.0,3.0,2.0,56.0,0.0,7.0,30.0,21.0,27.0,26.0,1040.0,840.0,1905.0
1543972974.198698,5200.0,0.0,135.0,3.0,2.0,56.0,0.0,7.0,30.0,19.0,27.0,26.0,1040.0,840.0,1905.0
1543972974.299297,5200.0,0.0,135.0,3.0,2.0,56.0,0.0,7.0,29.0,20.0,27.0,25.0,1040.0,840.0,1905.0
1543972974.399902,5200.0,0.0,135.0,3.0,2.0,56.0,0.0,7.0,28.0,19.0,25.0,23.0,1040.0,840.0,1905.0
1543972974.50049,5200.0,0.0,135.0,3.0,2.0,56.0,0.0,7.0,28.0,19.0,25.0,25.0,1040.0,840.0,1905.0
1543972974.601103,5200.0,0.0,135.0,3.0,2.0,56.0,0.0,7.0,29.0,19.0,24.0,26.0,1040.0,840.0,1905.0
1543972974.701699,5200.0,0.0,135.0,3.0,2.0,56.0,0.0,7.0,30.0,20.0,27.0,26.0,1040.0,840.0,1905.0
1543972974.902883,5200.0,0.0,135.0,3.0,2.0,56.0,0.0,7.0,30.0,19.0,27.0,26.0,1040.0,840.0,1905.0
1543972975.003552,5200.0,0.0,135.0,3.0,2.0,56.0,0.0,7.0,29.0,20.0,26.0,25.0,1040.0,840.0,1905.0
1543972975.104166,5200.0,0.0,135.0,3.0,2.0,56.0,0.0,7.0,30.0,19.0,27.0,26.0,1040.0,840.0,1905.0
1543972975.204765,5200.0,0.0,135.0,3.0,2.0,56.0,0.0,7.0,29.0,20.0,26.0,25.0,1040.0,840.0,1905.0
1543972975.305359,5200.0,0.0,135.0,3.0,2.0,56.0,0.0,7.0,30.0,19.0,27.0,26.0,1040.0,840.0,1905.0
1543972975.405947,5200.0,0.0,135.0,3.0,2.0,56.0,0.0,7.0,30.0,19.0,27.0,26.0,1040.0,840.0,1905.0
1543972975.506568,5200.0,0.0,135.0,3.0,2.0,56.0,0.0,7.0,27.0,20.0,24.0,23.0,1040.0,840.0,1905.0
1543972975.607154,5200.0,0.0,135.0,3.0,2.0,56.0,0.0,7.0,29.0,19.0,27.0,23.0,1040.0,840.0,1905.0
1543972975.708466,5200.0,0.0,135.0,3.0,2.0,56.0,0.0,7.0,30.0,19.0,27.0,26.0,1040.0,840.0,1905.0
1543972975.809059,5200.0,0.0,135.0,3.0,2.0,56.0,0.0,7.0,30.0,19.0,27.0,26.0,1040.0,840.0,1905.0
1543972975.9101,5200.0,0.0,135.0,3.0,2.0,56.0,0.0,7.0,29.0,19.0,25.0,26.0,1040.0,840.0,1905.0
1543972976.010673,5200.0,0.0,135.0,3.0,2.0,56.0,0.0,7.0,29.0,19.0,26.0,25.0,1040.0,840.0,1905.0
1543972976.111265,5200.0,0.0,135.0,3.0,2.0,56.0,0.0,7.0,29.0,20.0,26.0,26.0,1040.0,840.0,1905.0
1543972976.211871,5200.0,0.0,135.0,3.0,2.0,56.0,0.0,7.0,28.0,20.0,25.0,24.0,1040.0,840.0,1905.0
1543972976.312469,5200.0,0.0,135.0,3.0,2.0,56.0,0.0,7.0,30.0,20.0,27.0,26.0,1040.0,840.0,1905.0
1543972976.413061,5200.0,0.0,135.0,3.0,2.0,56.0,0.0,7.0,28.0,16.0,23.0,25.0,1040.0,840.0,1905.0
1543972976.513716,5200.0,0.0,135.0,3.0,2.0,56.0,0.0,7.0,28.0,17.0,25.0,24.0,1040.0,840.0,1905.0
1543972976.614319,5200.0,0.0,135.0,3.0,2.0,56.0,0.0,7.0,29.0,19.0,27.0,25.0,1040.0,840.0,1905.0
1543972976.815521,5200.0,0.0,135.0,3.0,2.0,56.0,0.0,7.0,30.0,20.0,27.0,25.0,1040.0,840.0,1905.0
1543972976.916129,5200.0,0.0,135.0,3.0,2.0,56.0,0.0,7.0,27.0,19.0,24.0,23.0,1040.0,840.0,1905.0
1543972977.016771,5200.0,0.0,135.0,3.0,2.0,56.0,0.0,7.0,28.0,18.0,25.0,23.0,1040.0,840.0,1905.0
1543972977.117319,5200.0,0.0,135.0,3.0,2.0,56.0,0.0,7.0,30.0,20.0,28.0,26.0,1040.0,840.0,1905.0
1543972977.217931,5200.0,0.0,135.0,3.0,2.0,56.0,0.0,7.0,30.0,20.0,27.0,26.0,1040.0,840.0,1905.0
1543972977.318528,5200.0,0.0,135.0,3.0,2.0,56.0,0.0,7.0,30.0,19.0,27.0,26.0,1040.0,840.0,1905.0
1543972977.419112,5200.0,0.0,135.0,3.0,2.0,56.0,0.0,7.0,30.0,20.0,27.0,26.0,1040.0,840.0,1905.0
1543972977.51972,5200.0,0.0,135.0,3.0,2.0,56.0,0.0,7.0,28.0,19.0,24.0,24.0,1040.0,840.0,1905.0
1543972977.62031,5200.0,0.0,135.0,3.0,2.0,56.0,0.0,7.0,28.0,18.0,25.0,25.0,1040.0,840.0,1905.0
1543972977.720905,5200.0,0.0,135.0,3.0,2.0,56.0,0.0,7.0,29.0,19.0,27.0,25.0,1040.0,840.0,1905.0
1543972977.821507,5200.0,0.0,135.0,3.0,2.0,56.0,0.0,7.0,29.0,19.0,25.0,26.0,1040.0,840.0,1905.0
1543972977.922098,5200.0,0.0,135.0,3.0,2.0,56.0,0.0,7.0,29.0,20.0,26.0,23.0,1040.0,840.0,1905.0
1543972978.023453,5200.0,0.0,135.0,3.0,2.0,56.0,0.0,7.0,30.0,20.0,27.0,26.0,1040.0,840.0,1905.0
1543972978.124056,5200.0,0.0,135.0,3.0,2.0,56.0,0.0,7.0,27.0,19.0,24.0,23.0,1040.0,840.0,1905.0
1543972978.22467,5200.0,0.0,135.0,3.0,2.0,56.0,0.0,7.0,30.0,19.0,27.0,26.0,1040.0,840.0,1905.0
1543972978.325278,5200.0,0.0,135.0,3.0,2.0,56.0,0.0,7.0,28.0,20.0,25.0,23.0,1040.0,840.0,1905.0
1543972978.425871,5200.0,0.0,135.0,3.0,2.0,56.0,0.0,7.0,30.0,20.0,27.0,26.0,1040.0,840.0,1905.0
1543972978.526479,5200.0,0.0,135.0,3.0,2.0,56.0,0.0,7.0,30.0,20.0,27.0,26.0,1040.0,840.0,1905.0
1543972978.627188,5200.0,0.0,135.0,3.0,2.0,56.0,0.0,7.0,28.0,19.0,26.0,23.0,1040.0,840.0,1905.0
1543972978.828302,5200.0,0.0,135.0,3.0,2.0,56.0,0.0,7.0,30.0,19.0,27.0,25.0,1040.0,840.0,1905.0
1543972978.928905,5200.0,0.0,135.0,3.0,2.0,56.0,0.0,7.0,28.0,19.0,25.0,24.0,1040.0,840.0,1905.0
1543972979.029525,5200.0,0.0,135.0,3.0,2.0,56.0,0.0,7.0,29.0,20.0,27.0,25.0,1040.0,840.0,1905.0
1543972979.13012,5200.0,0.0,135.0,3.0,2.0,56.0,0.0,7.0,29.0,19.0,27.0,23.0,1040.0,840.0,1905.0
1543972979.230732,5200.0,0.0,135.0,3.0,2.0,56.0,0.0,7.0,28.0,19.0,24.0,24.0,1040.0,840.0,1905.0
1543972979.331327,5200.0,0.0,135.0,3.0,2.0,56.0,0.0,7.0,29.0,19.0,26.0,26.0,1040.0,840.0,1905.0
1543972979.431932,5200.0,0.0,135.0,3.0,2.0,56.0,0.0,7.0,30.0,19.0,27.0,25.0,1040.0,840.0,1905.0
1543972979.53252,5200.0,0.0,135.0,3.0,2.0,56.0,0.0,7.0,27.0,18.0,23.0,24.0,1040.0,840.0,1905.0
1543972979.633119,5200.0,0.0,135.0,3.0,2.0,56.0,0.0,7.0,29.0,20.0,27.0,25.0,1040.0,840.0,1905.0
1543972979.733789,5200.0,0.0,135.0,3.0,2.0,56.0,0.0,7.0,30.0,19.0,27.0,26.0,1040.0,840.0,1905.0
1543972979.834397,5200.0,0.0,135.0,3.0,2.0,56.0,0.0,7.0,27.0,19.0,24.0,22.0,1040.0,840.0,1905.0
1543972979.935007,5200.0,0.0,135.0,3.0,2.0,56.0,0.0,7.0,28.0,20.0,24.0,25.0,1040.0,840.0,1905.0
1543972980.035591,5200.0,0.0,135.0,3.0,2.0,56.0,0.0,7.0,30.0,20.0,27.0,26.0,1040.0,840.0,1905.0
1543972980.136187,5200.0,0.0,135.0,3.0,2.0,56.0,0.0,7.0,27.0,19.0,24.0,22.0,1040.0,840.0,1905.0
1543972980.236843,5200.0,0.0,135.0,3.0,2.0,56.0,0.0,7.0,30.0,19.0,27.0,26.0,1040.0,840.0,1905.0
1543972980.337389,5200.0,0.0,135.0,3.0,2.0,56.0,0.0,7.0,30.0,20.0,27.0,26.0,1040.0,840.0,1905.0
1543972980.438707,5200.0,0.0,135.0,3.0,2.0,56.0,0.0,7.0,30.0,19.0,27.0,25.0,1040.0,840.0,1905.0
1543972980.539308,5200.0,0.0,135.0,3.0,2.0,56.0,0.0,7.0,29.0,19.0,26.0,26.0,1040.0,840.0,1905.0
1543972980.740514,5200.0,0.0,135.0,3.0,2.0,56.0,0.0,7.0,28.0,19.0,24.0,24.0,1040.0,840.0,1905.0
1543972980.841132,5200.0,0.0,135.0,3.0,2.0,56.0,0.0,7.0,27.0,19.0,24.0,24.0,1040.0,840.0,1905.0
1543972980.941734,5200.0,0.0,135.0,3.0,2.0,56.0,0.0,7.0,27.0,20.0,24.0,23.0,1040.0,840.0,1905.0
1543972981.042331,5200.0,0.0,135.0,3.0,2.0,56.0,0.0,7.0,28.0,19.0,25.0,24.0,1040.0,840.0,1905.0
1543972981.14293,5200.0,0.0,135.0,3.0,2.0,56.0,0.0,7.0,27.0,19.0,24.0,23.0,1040.0,840.0,1905.0
1543972981.243591,5200.0,0.0,135.0,3.0,2.0,56.0,0.0,7.0,30.0,19.0,27.0,26.0,1040.0,840.0,1905.0
1543972981.3442,5200.0,0.0,135.0,3.0,2.0,56.0,0.0,7.0,27.0,19.0,24.0,23.0,1040.0,840.0,1905.0
1543972981.444795,5200.0,0.0,135.0,3.0,2.0,56.0,0.0,7.0,27.0,16.0,24.0,24.0,1040.0,840.0,1905.0
1543972981.545392,5200.0,0.0,135.0,3.0,2.0,56.0,0.0,7.0,28.0,18.0,26.0,24.0,1040.0,840.0,1905.0
1543972981.645991,5200.0,0.0,135.0,3.0,2.0,56.0,0.0,7.0,28.0,19.0,24.0,24.0,1040.0,840.0,1905.0
1543972981.746615,5200.0,0.0,135.0,3.0,2.0,56.0,0.0,7.0,29.0,19.0,27.0,24.0,1040.0,840.0,1905.0
1543972981.847178,5200.0,0.0,135.0,3.0,2.0,56.0,0.0,7.0,30.0,19.0,27.0,27.0,1040.0,840.0,1905.0
1543972981.947781,5200.0,0.0,135.0,3.0,2.0,56.0,0.0,7.0,30.0,20.0,27.0,26.0,1040.0,840.0,1905.0
1543972982.048381,5200.0,0.0,135.0,3.0,2.0,56.0,0.0,7.0,27.0,19.0,23.0,24.0,1040.0,840.0,1905.0
1543972982.148976,5200.0,0.0,135.0,3.0,2.0,56.0,0.0,7.0,30.0,18.0,27.0,26.0,1040.0,840.0,1905.0
1543972982.249575,5200.0,0.0,135.0,3.0,2.0,56.0,0.0,7.0,28.0,19.0,25.0,24.0,1040.0,840.0,1905.0
1543972982.350198,5200.0,0.0,135.0,3.0,2.0,56.0,0.0,7.0,29.0,20.0,26.0,26.0,1040.0,840.0,1905.0
1543972982.450775,5200.0,0.0,135.0,3.0,2.0,56.0,0.0,7.0,27.0,18.0,25.0,23.0,1040.0,840.0,1905.0
1543972982.551374,5200.0,0.0,135.0,3.0,2.0,56.0,0.0,7.0,28.0,19.0,25.0,23.0,1040.0,840.0,1905.0
1543972982.651984,5200.0,0.0,135.0,3.0,2.0,56.0,0.0,7.0,30.0,19.0,26.0,26.0,1040.0,840.0,1905.0
1543972982.753327,5200.0,0.0,135.0,3.0,2.0,56.0,0.0,7.0,29.0,19.0,26.0,24.0,1040.0,840.0,1905.0
1543972982.853949,5200.0,0.0,135.0,3.0,2.0,56.0,0.0,7.0,30.0,18.0,27.0,26.0,1040.0,840.0,1905.0
1543972982.954559,5200.0,0.0,135.0,3.0,2.0,56.0,0.0,7.0,30.0,19.0,27.0,26.0,1040.0,840.0,1905.0
1543972983.055161,5200.0,0.0,135.0,3.0,2.0,56.0,0.0,7.0,30.0,19.0,27.0,26.0,1040.0,840.0,1905.0
1543972983.155761,5200.0,0.0,135.0,3.0,2.0,56.0,0.0,7.0,29.0,19.0,26.0,25.0,1040.0,840.0,1905.0
1543972983.356963,5200.0,0.0,135.0,3.0,2.0,56.0,0.0,7.0,29.0,19.0,26.0,26.0,1040.0,840.0,1905.0
1543972983.457555,5200.0,0.0,135.0,3.0,2.0,56.0,0.0,7.0,29.0,21.0,27.0,23.0,1040.0,840.0,1905.0
1543972983.558174,5200.0,0.0,135.0,3.0,2.0,56.0,0.0,7.0,29.0,19.0,27.0,24.0,1040.0,840.0,1905.0
1543972983.65877,5200.0,0.0,135.0,3.0,2.0,56.0,0.0,7.0,29.0,20.0,25.0,26.0,1040.0,840.0,1905.0
1543972983.75937,5200.0,0.0,135.0,3.0,2.0,56.0,0.0,7.0,27.0,19.0,24.0,23.0,1040.0,840.0,1905.0
1543972983.859979,5200.0,0.0,135.0,3.0,2.0,56.0,0.0,7.0,29.0,19.0,26.0,25.0,1040.0,840.0,1905.0
1543972983.960586,5200.0,0.0,135.0,3.0,2.0,56.0,0.0,7.0,30.0,19.0,27.0,26.0,1040.0,840.0,1905.0
1543972984.06118,5200.0,0.0,135.0,3.0,2.0,56.0,0.0,7.0,28.0,18.0,24.0,25.0,1040.0,840.0,1905.0
1543972984.161776,5200.0,0.0,135.0,3.0,2.0,56.0,0.0,7.0,30.0,19.0,27.0,26.0,1040.0,840.0,1905.0
1543972984.26237,5200.0,0.0,135.0,3.0,2.0,56.0,0.0,7.0,27.0,19.0,23.0,23.0,1040.0,840.0,1905.0
1543972984.362966,5200.0,0.0,135.0,3.0,2.0,56.0,0.0,7.0,30.0,20.0,27.0,26.0,1040.0,840.0,1905.0
1543972984.463848,5200.0,0.0,135.0,3.0,2.0,56.0,0.0,7.0,28.0,20.0,24.0,24.0,1040.0,840.0,1905.0
1543972984.564496,5200.0,0.0,135.0,3.0,2.0,56.0,0.0,7.0,28.0,18.0,25.0,23.0,1040.0,840.0,1905.0
1543972984.665098,5200.0,0.0,135.0,3.0,2.0,56.0,0.0,7.0,30.0,19.0,26.0,26.0,1040.0,840.0,1905.0
1543972984.765702,5200.0,0.0,135.0,3.0,2.0,56.0,0.0,7.0,28.0,19.0,25.0,24.0,1040.0,840.0,1905.0
1543972984.866363,5200.0,0.0,135.0,3.0,2.0,56.0,0.0,7.0,27.0,19.0,24.0,23.0,1040.0,840.0,1905.0
1543972984.966911,5200.0,0.0,135.0,3.0,2.0,56.0,0.0,7.0,30.0,20.0,27.0,26.0,1040.0,840.0,1905.0
1543972985.067539,5200.0,0.0,135.0,3.0,2.0,56.0,0.0,7.0,28.0,19.0,24.0,24.0,1040.0,840.0,1905.0
1543972985.269452,5200.0,0.0,135.0,3.0,2.0,56.0,0.0,7.0,28.0,19.0,25.0,24.0,1040.0,840.0,1905.0
1543972985.370071,5200.0,0.0,135.0,3.0,2.0,56.0,0.0,7.0,29.0,19.0,26.0,26.0,1040.0,840.0,1905.0
1543972985.47065,5200.0,0.0,135.0,3.0,2.0,56.0,0.0,7.0,30.0,19.0,27.0,26.0,1040.0,840.0,1905.0
1543972985.571273,5200.0,0.0,135.0,3.0,2.0,56.0,0.0,7.0,28.0,17.0,25.0,23.0,1040.0,840.0,1905.0
1543972985.671867,5200.0,0.0,135.0,3.0,2.0,56.0,0.0,7.0,30.0,20.0,27.0,27.0,1040.0,840.0,1905.0
1543972985.772465,5200.0,0.0,135.0,3.0,2.0,56.0,0.0,7.0,29.0,19.0,27.0,23.0,1040.0,840.0,1905.0
1543972985.873064,5200.0,0.0,135.0,3.0,2.0,56.0,0.0,7.0,29.0,21.0,25.0,26.0,1040.0,840.0,1905.0
1543972985.973718,5200.0,0.0,135.0,3.0,2.0,56.0,0.0,7.0,29.0,19.0,26.0,25.0,1040.0,840.0,1905.0
1543972986.074322,5200.0,0.0,135.0,3.0,2.0,56.0,0.0,7.0,30.0,20.0,28.0,26.0,1040.0,840.0,1905.0
1543972986.174911,5200.0,0.0,135.0,3.0,2.0,56.0,0.0,7.0,28.0,18.0,24.0,25.0,1040.0,840.0,1905.0
1543972986.275504,5200.0,0.0,135.0,3.0,2.0,56.0,0.0,7.0,27.0,19.0,25.0,23.0,1040.0,840.0,1905.0
1543972986.376103,5200.0,0.0,135.0,3.0,2.0,56.0,0.0,7.0,29.0,18.0,26.0,25.0,1040.0,840.0,1905.0
1543972986.47678,5200.0,0.0,135.0,3.0,2.0,56.0,0.0,7.0,27.0,20.0,23.0,24.0,1040.0,840.0,1905.0
1543972986.577315,5200.0,0.0,135.0,3.0,2.0,56.0,0.0,7.0,30.0,20.0,26.0,26.0,1040.0,840.0,1905.0
1543972986.677904,5200.0,0.0,135.0,3.0,2.0,56.0,0.0,7.0,30.0,20.0,27.0,25.0,1040.0,840.0,1905.0
1543972986.778497,5200.0,0.0,135.0,3.0,2.0,56.0,0.0,7.0,29.0,19.0,27.0,23.0,1040.0,840.0,1905.0
1543972986.879112,5200.0,0.0,135.0,3.0,2.0,56.0,0.0,7.0,28.0,18.0,26.0,23.0,1040.0,840.0,1905.0
1543972986.979712,5200.0,0.0,135.0,3.0,2.0,56.0,0.0,7.0,30.0,20.0,27.0,26.0,1040.0,840.0,1905.0
1543972987.080339,5200.0,0.0,135.0,3.0,2.0,56.0,0.0,7.0,29.0,20.0,26.0,25.0,1040.0,840.0,1905.0
1543972987.281507,5200.0,0.0,135.0,3.0,2.0,56.0,0.0,7.0,28.0,16.0,25.0,24.0,1040.0,840.0,1905.0
1543972987.382112,5200.0,0.0,135.0,3.0,2.0,56.0,0.0,7.0,27.0,17.0,24.0,24.0,1040.0,840.0,1905.0
1543972987.483391,5200.0,0.0,135.0,3.0,2.0,56.0,0.0,7.0,28.0,19.0,25.0,23.0,1040.0,840.0,1905.0
1543972987.584008,5200.0,0.0,135.0,3.0,2.0,56.0,0.0,7.0,27.0,18.0,24.0,23.0,1040.0,840.0,1905.0
1543972987.684605,5200.0,0.0,135.0,3.0,2.0,56.0,0.0,7.0,29.0,20.0,26.0,26.0,1040.0,840.0,1905.0
1543972987.78521,5200.0,0.0,135.0,3.0,2.0,56.0,0.0,7.0,27.0,18.0,24.0,23.0,1040.0,840.0,1905.0
1543972987.885806,5200.0,0.0,135.0,3.0,2.0,56.0,0.0,7.0,29.0,20.0,24.0,27.0,1040.0,840.0,1905.0
1543972987.986411,5200.0,0.0,135.0,3.0,2.0,56.0,0.0,7.0,30.0,20.0,27.0,26.0,1040.0,840.0,1905.0
1543972988.087022,5200.0,0.0,135.0,3.0,2.0,56.0,0.0,7.0,28.0,17.0,25.0,23.0,1040.0,840.0,1905.0
1543972988.187613,5200.0,0.0,135.0,3.0,2.0,56.0,0.0,7.0,29.0,18.0,27.0,24.0,1040.0,840.0,1905.0
1543972988.288215,5200.0,0.0,135.0,3.0,2.0,56.0,0.0,7.0,30.0,20.0,27.0,26.0,1040.0,840.0,1905.0
1543972988.388805,5200.0,0.0,135.0,3.0,2.0,56.0,0.0,7.0,30.0,19.0,27.0,26.0,1040.0,840.0,1905.0
1543972988.489402,5200.0,0.0,135.0,3.0,2.0,56.0,0.0,7.0,30.0,19.0,27.0,25.0,1040.0,840.0,1905.0
1543972988.589995,5200.0,0.0,135.0,3.0,2.0,56.0,0.0,7.0,30.0,20.0,27.0,26.0,1040.0,840.0,1905.0
1543972988.690603,5200.0,0.0,135.0,3.0,2.0,56.0,0.0,7.0,30.0,20.0,27.0,26.0,1040.0,840.0,1905.0
1543972988.791219,5200.0,0.0,135.0,3.0,2.0,56.0,0.0,7.0,28.0,16.0,24.0,25.0,1040.0,840.0,1905.0
1543972988.891811,5200.0,0.0,135.0,3.0,2.0,56.0,0.0,7.0,29.0,19.0,27.0,23.0,1040.0,840.0,1905.0
1543972988.992408,5200.0,0.0,135.0,3.0,2.0,56.0,0.0,7.0,29.0,19.0,25.0,26.0,1040.0,840.0,1905.0
1543972989.193665,5200.0,0.0,135.0,3.0,2.0,56.0,0.0,7.0,30.0,20.0,27.0,26.0,1040.0,840.0,1905.0
1543972989.294256,5200.0,0.0,135.0,3.0,2.0,56.0,0.0,7.0,28.0,19.0,25.0,23.0,1040.0,840.0,1905.0
1543972989.394862,5200.0,0.0,135.0,3.0,2.0,56.0,0.0,7.0,29.0,20.0,25.0,26.0,1040.0,840.0,1905.0
1543972989.495454,5200.0,0.0,135.0,3.0,2.0,56.0,0.0,7.0,27.0,17.0,24.0,24.0,1040.0,840.0,1905.0
1543972989.596067,5200.0,0.0,135.0,3.0,2.0,56.0,0.0,7.0,29.0,19.0,24.0,26.0,1040.0,840.0,1905.0
1543972989.696726,5200.0,0.0,135.0,3.0,2.0,56.0,0.0,7.0,30.0,20.0,26.0,26.0,1040.0,840.0,1905.0
1543972989.797266,5200.0,0.0,135.0,3.0,2.0,56.0,0.0,7.0,28.0,18.0,26.0,23.0,1040.0,840.0,1905.0
1543972989.898569,5200.0,0.0,135.0,3.0,2.0,56.0,0.0,7.0,30.0,19.0,27.0,26.0,1040.0,840.0,1905.0
1543972989.99918,5200.0,0.0,135.0,3.0,2.0,56.0,0.0,7.0,27.0,19.0,24.0,23.0,1040.0,840.0,1905.0
1543972990.099788,5200.0,0.0,135.0,3.0,2.0,56.0,0.0,7.0,29.0,20.0,26.0,25.0,1040.0,840.0,1905.0
1543972990.200378,5200.0,0.0,135.0,3.0,2.0,56.0,0.0,7.0,30.0,20.0,27.0,26.0,1040.0,840.0,1905.0
1543972990.300987,5200.0,0.0,135.0,3.0,2.0,56.0,0.0,7.0,28.0,19.0,25.0,24.0,1040.0,840.0,1905.0
1543972990.40293,5200.0,0.0,135.0,3.0,2.0,56.0,0.0,7.0,30.0,19.0,27.0,26.0,1040.0,840.0,1905.0
1543972990.502042,5200.0,0.0,135.0,3.0,2.0,56.0,0.0,7.0,28.0,16.0,24.0,25.0,1040.0,840.0,1905.0
1543972990.602644,5200.0,0.0,135.0,3.0,2.0,56.0,0.0,7.0,28.0,16.0,25.0,24.0,1040.0,840.0,1905.0
1543972990.703293,5200.0,0.0,135.0,3.0,2.0,56.0,0.0,7.0,30.0,20.0,27.0,26.0,1040.0,840.0,1905.0
1543972990.803938,5200.0,0.0,135.0,3.0,2.0,56.0,0.0,7.0,30.0,20.0,27.0,26.0,1040.0,840.0,1905.0
1543972990.904559,5200.0,0.0,135.0,3.0,2.0,56.0,0.0,7.0,30.0,20.0,27.0,26.0,1040.0,840.0,1905.0
1543972991.005154,5200.0,0.0,135.0,3.0,2.0,56.0,0.0,7.0,29.0,19.0,25.0,25.0,1040.0,840.0,1905.0
1543972991.206362,5200.0,0.0,135.0,3.0,2.0,56.0,0.0,7.0,28.0,20.0,24.0,23.0,1040.0,840.0,1905.0
1543972991.306952,5200.0,0.0,135.0,3.0,2.0,56.0,0.0,7.0,29.0,19.0,26.0,26.0,1040.0,840.0,1905.0
1543972991.407555,5200.0,0.0,135.0,3.0,2.0,56.0,0.0,7.0,29.0,18.0,27.0,25.0,1040.0,840.0,1905.0
1543972991.508146,5200.0,0.0,135.0,3.0,2.0,56.0,0.0,7.0,30.0,20.0,27.0,27.0,1040.0,840.0,1905.0
1543972991.608763,5200.0,0.0,135.0,3.0,2.0,56.0,0.0,7.0,26.0,16.0,24.0,22.0,1040.0,840.0,1905.0
1543972991.709366,5200.0,0.0,135.0,3.0,2.0,56.0,0.0,7.0,29.0,19.0,24.0,26.0,1040.0,840.0,1905.0
