1544040240.843717,5200.0,0.0,132.0,3.0,2.0,56.0,0.0,7.0,19.0,10.0,16.0,15.0,1040.0,840.0,1905.0
1544040240.943929,5200.0,0.0,132.0,3.0,2.0,56.0,0.0,7.0,19.0,9.0,16.0,15.0,1040.0,840.0,1905.0
1544040241.144978,5200.0,0.0,132.0,3.0,2.0,56.0,0.0,7.0,19.0,9.0,15.0,15.0,1040.0,840.0,1905.0
1544040241.245448,5200.0,0.0,132.0,3.0,2.0,56.0,0.0,7.0,19.0,10.0,15.0,15.0,1040.0,840.0,1905.0
1544040241.34592,5200.0,0.0,132.0,3.0,2.0,56.0,0.0,7.0,19.0,10.0,16.0,14.0,1040.0,840.0,1905.0
1544040241.446384,5200.0,0.0,132.0,3.0,2.0,56.0,0.0,7.0,18.0,8.0,15.0,14.0,1040.0,840.0,1905.0
1544040241.546877,5200.0,0.0,132.0,3.0,2.0,56.0,0.0,7.0,19.0,9.0,16.0,14.0,1040.0,840.0,1905.0
1544040241.647303,5200.0,0.0,132.0,3.0,2.0,56.0,0.0,7.0,19.0,9.0,16.0,15.0,1040.0,840.0,1905.0
1544040241.74778,5200.0,0.0,132.0,3.0,2.0,56.0,0.0,7.0,19.0,10.0,16.0,14.0,1040.0,840.0,1905.0
1544040241.848234,5200.0,0.0,132.0,3.0,2.0,56.0,0.0,7.0,18.0,10.0,15.0,14.0,1040.0,840.0,1905.0
1544040241.94872,5200.0,0.0,132.0,3.0,2.0,56.0,0.0,7.0,19.0,10.0,16.0,15.0,1040.0,840.0,1905.0
1544040242.049179,5200.0,0.0,132.0,3.0,2.0,56.0,0.0,7.0,19.0,9.0,16.0,15.0,1040.0,840.0,1905.0
1544040242.149635,5200.0,0.0,132.0,3.0,2.0,56.0,0.0,7.0,19.0,10.0,16.0,14.0,1040.0,840.0,1905.0
1544040242.250099,5200.0,0.0,132.0,3.0,2.0,56.0,0.0,7.0,19.0,8.0,16.0,15.0,1040.0,840.0,1905.0
1544040242.350577,5200.0,0.0,132.0,3.0,2.0,56.0,0.0,7.0,19.0,10.0,16.0,15.0,1040.0,840.0,1905.0
1544040242.451032,5200.0,0.0,132.0,3.0,2.0,56.0,0.0,7.0,18.0,8.0,15.0,15.0,1040.0,840.0,1905.0
1544040242.551506,5200.0,0.0,132.0,3.0,2.0,56.0,0.0,7.0,19.0,10.0,15.0,15.0,1040.0,840.0,1905.0
1544040242.651978,5200.0,0.0,132.0,3.0,2.0,56.0,0.0,7.0,19.0,9.0,16.0,15.0,1040.0,840.0,1905.0
1544040242.752613,5200.0,0.0,132.0,3.0,2.0,56.0,0.0,7.0,19.0,9.0,16.0,16.0,1040.0,840.0,1905.0
1544040242.853084,5200.0,0.0,132.0,3.0,2.0,56.0,0.0,7.0,19.0,10.0,15.0,16.0,1040.0,840.0,1905.0
1544040243.054144,5200.0,0.0,132.0,3.0,2.0,56.0,0.0,7.0,19.0,10.0,15.0,15.0,1040.0,840.0,1905.0
1544040243.154771,5200.0,0.0,132.0,3.0,2.0,56.0,0.0,7.0,19.0,10.0,16.0,14.0,1040.0,840.0,1905.0
1544040243.255248,5200.0,0.0,132.0,3.0,2.0,56.0,0.0,7.0,19.0,10.0,16.0,15.0,1040.0,840.0,1905.0
1544040243.355701,5200.0,0.0,132.0,3.0,2.0,56.0,0.0,7.0,18.0,8.0,15.0,14.0,1040.0,840.0,1905.0
1544040243.456168,5200.0,0.0,132.0,3.0,2.0,56.0,0.0,7.0,19.0,9.0,15.0,15.0,1040.0,840.0,1905.0
1544040243.556694,5200.0,0.0,132.0,3.0,2.0,56.0,0.0,7.0,20.0,10.0,16.0,16.0,1040.0,840.0,1905.0
1544040243.657108,5200.0,0.0,132.0,3.0,2.0,56.0,0.0,7.0,19.0,10.0,16.0,15.0,1040.0,840.0,1905.0
1544040243.757582,5200.0,0.0,132.0,3.0,2.0,56.0,0.0,7.0,19.0,9.0,16.0,15.0,1040.0,840.0,1905.0
1544040243.858877,5200.0,0.0,132.0,3.0,2.0,56.0,0.0,7.0,19.0,10.0,15.0,15.0,1040.0,840.0,1905.0
1544040243.958513,5200.0,0.0,132.0,3.0,2.0,56.0,0.0,7.0,19.0,10.0,16.0,15.0,1040.0,840.0,1905.0
1544040244.058989,5200.0,0.0,132.0,3.0,2.0,56.0,0.0,7.0,19.0,9.0,16.0,15.0,1040.0,840.0,1905.0
1544040244.159444,5200.0,0.0,132.0,3.0,2.0,56.0,0.0,7.0,19.0,10.0,15.0,15.0,1040.0,840.0,1905.0
1544040244.260087,5200.0,0.0,132.0,3.0,2.0,56.0,0.0,7.0,19.0,9.0,15.0,15.0,1040.0,840.0,1905.0
1544040244.360558,5200.0,0.0,132.0,3.0,2.0,56.0,0.0,7.0,19.0,8.0,15.0,15.0,1040.0,840.0,1905.0
1544040244.461013,5200.0,0.0,132.0,3.0,2.0,56.0,0.0,7.0,19.0,9.0,15.0,16.0,1040.0,840.0,1905.0
1544040244.561488,5200.0,0.0,132.0,3.0,2.0,56.0,0.0,7.0,19.0,11.0,16.0,15.0,1040.0,840.0,1905.0
1544040244.662019,5200.0,0.0,132.0,3.0,2.0,56.0,0.0,7.0,18.0,8.0,15.0,14.0,1040.0,840.0,1905.0
1544040244.762595,5200.0,0.0,132.0,3.0,2.0,56.0,0.0,7.0,19.0,10.0,16.0,15.0,1040.0,840.0,1905.0
1544040244.963661,5200.0,0.0,132.0,3.0,2.0,56.0,0.0,7.0,19.0,10.0,15.0,15.0,1040.0,840.0,1905.0
1544040245.064115,5200.0,0.0,132.0,3.0,2.0,56.0,0.0,7.0,18.0,8.0,15.0,15.0,1040.0,840.0,1905.0
1544040245.164592,5200.0,0.0,132.0,3.0,2.0,56.0,0.0,7.0,19.0,9.0,16.0,15.0,1040.0,840.0,1905.0
1544040245.265049,5200.0,0.0,132.0,3.0,2.0,56.0,0.0,7.0,19.0,10.0,17.0,15.0,1040.0,840.0,1905.0
1544040245.365513,5200.0,0.0,132.0,3.0,2.0,56.0,0.0,7.0,19.0,9.0,16.0,15.0,1040.0,840.0,1905.0
1544040245.465963,5200.0,0.0,132.0,3.0,2.0,56.0,0.0,7.0,19.0,9.0,17.0,15.0,1040.0,840.0,1905.0
1544040245.567301,5200.0,0.0,132.0,3.0,2.0,56.0,0.0,7.0,19.0,9.0,17.0,15.0,1040.0,840.0,1905.0
1544040245.667771,5200.0,0.0,132.0,3.0,2.0,56.0,0.0,7.0,19.0,9.0,16.0,15.0,1040.0,840.0,1905.0
1544040245.768226,5200.0,0.0,132.0,3.0,2.0,56.0,0.0,7.0,18.0,9.0,15.0,15.0,1040.0,840.0,1905.0
1544040245.868709,5200.0,0.0,132.0,3.0,2.0,56.0,0.0,7.0,19.0,8.0,16.0,16.0,1040.0,840.0,1905.0
1544040245.969165,5200.0,0.0,132.0,3.0,2.0,56.0,0.0,7.0,19.0,9.0,16.0,15.0,1040.0,840.0,1905.0
1544040246.069632,5200.0,0.0,132.0,3.0,2.0,56.0,0.0,7.0,19.0,8.0,16.0,14.0,1040.0,840.0,1905.0
1544040246.170094,5200.0,0.0,132.0,3.0,2.0,56.0,0.0,7.0,19.0,9.0,16.0,14.0,1040.0,840.0,1905.0
1544040246.270553,5200.0,0.0,132.0,3.0,2.0,56.0,0.0,7.0,19.0,9.0,15.0,15.0,1040.0,840.0,1905.0
1544040246.371023,5200.0,0.0,132.0,3.0,2.0,56.0,0.0,7.0,19.0,10.0,16.0,15.0,1040.0,840.0,1905.0
1544040246.471461,5200.0,0.0,132.0,3.0,2.0,56.0,0.0,7.0,19.0,9.0,16.0,15.0,1040.0,840.0,1905.0
1544040246.571949,5200.0,0.0,132.0,3.0,2.0,56.0,0.0,7.0,19.0,9.0,16.0,14.0,1040.0,840.0,1905.0
1544040246.672649,5200.0,0.0,132.0,3.0,2.0,56.0,0.0,7.0,19.0,9.0,16.0,15.0,1040.0,840.0,1905.0
1544040246.873716,5200.0,0.0,132.0,3.0,2.0,56.0,0.0,7.0,19.0,8.0,16.0,14.0,1040.0,840.0,1905.0
1544040246.974169,5200.0,0.0,132.0,3.0,2.0,56.0,0.0,7.0,18.0,9.0,15.0,15.0,1040.0,840.0,1905.0
1544040247.074645,5200.0,0.0,132.0,3.0,2.0,56.0,0.0,7.0,19.0,8.0,15.0,15.0,1040.0,840.0,1905.0
1544040247.175103,5200.0,0.0,132.0,3.0,2.0,56.0,0.0,7.0,19.0,10.0,16.0,15.0,1040.0,840.0,1905.0
1544040247.275566,5200.0,0.0,132.0,3.0,2.0,56.0,0.0,7.0,19.0,10.0,16.0,15.0,1040.0,840.0,1905.0
1544040247.376027,5200.0,0.0,132.0,3.0,2.0,56.0,0.0,7.0,19.0,10.0,16.0,15.0,1040.0,840.0,1905.0
1544040247.476484,5200.0,0.0,132.0,3.0,2.0,56.0,0.0,7.0,18.0,10.0,15.0,13.0,1040.0,840.0,1905.0
1544040247.576953,5200.0,0.0,132.0,3.0,2.0,56.0,0.0,7.0,19.0,10.0,15.0,15.0,1040.0,840.0,1905.0
1544040247.677416,5200.0,0.0,132.0,3.0,2.0,56.0,0.0,7.0,19.0,8.0,16.0,15.0,1040.0,840.0,1905.0
1544040247.777883,5200.0,0.0,132.0,3.0,2.0,56.0,0.0,7.0,18.0,9.0,15.0,15.0,1040.0,840.0,1905.0
1544040247.878351,5200.0,0.0,132.0,3.0,2.0,56.0,0.0,7.0,18.0,9.0,15.0,14.0,1040.0,840.0,1905.0
1544040247.979681,5200.0,0.0,132.0,3.0,2.0,56.0,0.0,7.0,19.0,8.0,16.0,15.0,1040.0,840.0,1905.0
1544040248.08015,5200.0,0.0,132.0,3.0,2.0,56.0,0.0,7.0,19.0,10.0,16.0,15.0,1040.0,840.0,1905.0
1544040248.180624,5200.0,0.0,132.0,3.0,2.0,56.0,0.0,7.0,18.0,8.0,16.0,14.0,1040.0,840.0,1905.0
1544040248.281086,5200.0,0.0,132.0,3.0,2.0,56.0,0.0,7.0,19.0,9.0,16.0,15.0,1040.0,840.0,1905.0
1544040248.381544,5200.0,0.0,132.0,3.0,2.0,56.0,0.0,7.0,19.0,9.0,16.0,14.0,1040.0,840.0,1905.0
1544040248.48201,5200.0,0.0,132.0,3.0,2.0,56.0,0.0,7.0,19.0,9.0,16.0,14.0,1040.0,840.0,1905.0
1544040248.582659,5200.0,0.0,132.0,3.0,2.0,56.0,0.0,7.0,18.0,9.0,15.0,14.0,1040.0,840.0,1905.0
1544040248.783702,5200.0,0.0,132.0,3.0,2.0,56.0,0.0,7.0,19.0,9.0,16.0,14.0,1040.0,840.0,1905.0
1544040248.88416,5200.0,0.0,132.0,3.0,2.0,56.0,0.0,7.0,19.0,10.0,15.0,15.0,1040.0,840.0,1905.0
1544040248.984638,5200.0,0.0,132.0,3.0,2.0,56.0,0.0,7.0,19.0,10.0,16.0,15.0,1040.0,840.0,1905.0
1544040249.08511,5200.0,0.0,132.0,3.0,2.0,56.0,0.0,7.0,19.0,9.0,16.0,15.0,1040.0,840.0,1905.0
1544040249.185589,5200.0,0.0,132.0,3.0,2.0,56.0,0.0,7.0,19.0,9.0,16.0,15.0,1040.0,840.0,1905.0
1544040249.286046,5200.0,0.0,132.0,3.0,2.0,56.0,0.0,7.0,19.0,9.0,16.0,14.0,1040.0,840.0,1905.0
1544040249.38655,5200.0,0.0,132.0,3.0,2.0,56.0,0.0,7.0,18.0,9.0,15.0,15.0,1040.0,840.0,1905.0
1544040249.486991,5200.0,0.0,132.0,3.0,2.0,56.0,0.0,7.0,19.0,9.0,16.0,15.0,1040.0,840.0,1905.0
1544040249.58745,5200.0,0.0,132.0,3.0,2.0,56.0,0.0,7.0,19.0,8.0,16.0,15.0,1040.0,840.0,1905.0
1544040249.687933,5200.0,0.0,132.0,3.0,2.0,56.0,0.0,7.0,20.0,9.0,17.0,15.0,1040.0,840.0,1905.0
1544040249.788399,5200.0,0.0,132.0,3.0,2.0,56.0,0.0,7.0,19.0,9.0,16.0,15.0,1040.0,840.0,1905.0
1544040249.888862,5200.0,0.0,132.0,3.0,2.0,56.0,0.0,7.0,19.0,10.0,16.0,14.0,1040.0,840.0,1905.0
1544040249.989322,5200.0,0.0,132.0,3.0,2.0,56.0,0.0,7.0,19.0,9.0,16.0,15.0,1040.0,840.0,1905.0
1544040250.089787,5200.0,0.0,132.0,3.0,2.0,56.0,0.0,7.0,19.0,9.0,15.0,15.0,1040.0,840.0,1905.0
1544040250.190262,5200.0,0.0,132.0,3.0,2.0,56.0,0.0,7.0,18.0,10.0,15.0,14.0,1040.0,840.0,1905.0
1544040250.290703,5200.0,0.0,132.0,3.0,2.0,56.0,0.0,7.0,19.0,9.0,15.0,15.0,1040.0,840.0,1905.0
1544040250.392072,5200.0,0.0,132.0,3.0,2.0,56.0,0.0,7.0,18.0,10.0,16.0,14.0,1040.0,840.0,1905.0
1544040250.49269,5200.0,0.0,132.0,3.0,2.0,56.0,0.0,7.0,19.0,9.0,15.0,15.0,1040.0,840.0,1905.0
1544040250.693763,5200.0,0.0,132.0,3.0,2.0,56.0,0.0,7.0,19.0,9.0,16.0,15.0,1040.0,840.0,1905.0
1544040250.794236,5200.0,0.0,132.0,3.0,2.0,56.0,0.0,7.0,19.0,9.0,16.0,15.0,1040.0,840.0,1905.0
1544040250.894707,5200.0,0.0,132.0,3.0,2.0,56.0,0.0,7.0,19.0,9.0,16.0,15.0,1040.0,840.0,1905.0
1544040250.995189,5200.0,0.0,132.0,3.0,2.0,56.0,0.0,7.0,19.0,9.0,16.0,14.0,1040.0,840.0,1905.0
1544040251.095645,5200.0,0.0,132.0,3.0,2.0,56.0,0.0,7.0,19.0,9.0,16.0,14.0,1040.0,840.0,1905.0
1544040251.196576,5200.0,0.0,132.0,3.0,2.0,56.0,0.0,7.0,19.0,8.0,16.0,15.0,1040.0,840.0,1905.0
1544040251.296699,5200.0,0.0,132.0,3.0,2.0,56.0,0.0,7.0,18.0,10.0,14.0,15.0,1040.0,840.0,1905.0
1544040251.397144,5200.0,0.0,132.0,3.0,2.0,56.0,0.0,7.0,18.0,10.0,15.0,14.0,1040.0,840.0,1905.0
1544040251.497597,5200.0,0.0,132.0,3.0,2.0,56.0,0.0,7.0,19.0,9.0,16.0,15.0,1040.0,840.0,1905.0
1544040251.598074,5200.0,0.0,132.0,3.0,2.0,56.0,0.0,7.0,20.0,10.0,17.0,15.0,1040.0,840.0,1905.0
1544040251.698532,5200.0,0.0,132.0,3.0,2.0,56.0,0.0,7.0,19.0,9.0,16.0,15.0,1040.0,840.0,1905.0
1544040251.798991,5200.0,0.0,132.0,3.0,2.0,56.0,0.0,7.0,19.0,9.0,16.0,15.0,1040.0,840.0,1905.0
1544040251.899466,5200.0,0.0,132.0,3.0,2.0,56.0,0.0,7.0,19.0,9.0,15.0,15.0,1040.0,840.0,1905.0
1544040251.999915,5200.0,0.0,132.0,3.0,2.0,56.0,0.0,7.0,19.0,10.0,15.0,15.0,1040.0,840.0,1905.0
1544040252.100391,5200.0,0.0,132.0,3.0,2.0,56.0,0.0,7.0,18.0,10.0,15.0,14.0,1040.0,840.0,1905.0
1544040252.200849,5200.0,0.0,132.0,3.0,2.0,56.0,0.0,7.0,18.0,9.0,15.0,14.0,1040.0,840.0,1905.0
1544040252.301316,5200.0,0.0,132.0,3.0,2.0,56.0,0.0,7.0,19.0,10.0,16.0,14.0,1040.0,840.0,1905.0
1544040252.401779,5200.0,0.0,132.0,3.0,2.0,56.0,0.0,7.0,18.0,8.0,15.0,15.0,1040.0,840.0,1905.0
1544040252.602853,5200.0,0.0,132.0,3.0,2.0,56.0,0.0,7.0,19.0,9.0,16.0,15.0,1040.0,840.0,1905.0
1544040252.704163,5200.0,0.0,132.0,3.0,2.0,56.0,0.0,7.0,18.0,9.0,15.0,15.0,1040.0,840.0,1905.0
1544040252.804633,5200.0,0.0,132.0,3.0,2.0,56.0,0.0,7.0,19.0,10.0,16.0,14.0,1040.0,840.0,1905.0
1544040252.905089,5200.0,0.0,132.0,3.0,2.0,56.0,0.0,7.0,19.0,9.0,15.0,15.0,1040.0,840.0,1905.0
1544040253.00556,5200.0,0.0,132.0,3.0,2.0,56.0,0.0,7.0,19.0,10.0,16.0,15.0,1040.0,840.0,1905.0
1544040253.106032,5200.0,0.0,132.0,3.0,2.0,56.0,0.0,7.0,19.0,9.0,16.0,14.0,1040.0,840.0,1905.0
1544040253.206506,5200.0,0.0,132.0,3.0,2.0,56.0,0.0,7.0,19.0,9.0,16.0,15.0,1040.0,840.0,1905.0
1544040253.306975,5200.0,0.0,132.0,3.0,2.0,56.0,0.0,7.0,19.0,8.0,16.0,15.0,1040.0,840.0,1905.0
1544040253.407428,5200.0,0.0,132.0,3.0,2.0,56.0,0.0,7.0,18.0,9.0,15.0,13.0,1040.0,840.0,1905.0
1544040253.507893,5200.0,0.0,132.0,3.0,2.0,56.0,0.0,7.0,18.0,8.0,15.0,15.0,1040.0,840.0,1905.0
1544040253.608358,5200.0,0.0,132.0,3.0,2.0,56.0,0.0,7.0,18.0,8.0,16.0,14.0,1040.0,840.0,1905.0
1544040253.708828,5200.0,0.0,132.0,3.0,2.0,56.0,0.0,7.0,19.0,9.0,17.0,15.0,1040.0,840.0,1905.0
1544040253.809291,5200.0,0.0,132.0,3.0,2.0,56.0,0.0,7.0,19.0,8.0,16.0,15.0,1040.0,840.0,1905.0
1544040253.90976,5200.0,0.0,132.0,3.0,2.0,56.0,0.0,7.0,19.0,10.0,16.0,14.0,1040.0,840.0,1905.0
1544040254.010219,5200.0,0.0,132.0,3.0,2.0,56.0,0.0,7.0,19.0,9.0,16.0,15.0,1040.0,840.0,1905.0
1544040254.110691,5200.0,0.0,132.0,3.0,2.0,56.0,0.0,7.0,19.0,8.0,16.0,15.0,1040.0,840.0,1905.0
1544040254.211151,5200.0,0.0,132.0,3.0,2.0,56.0,0.0,7.0,18.0,8.0,15.0,14.0,1040.0,840.0,1905.0
1544040254.311614,5200.0,0.0,132.0,3.0,2.0,56.0,0.0,7.0,19.0,10.0,16.0,14.0,1040.0,840.0,1905.0
1544040254.512772,5200.0,0.0,132.0,3.0,2.0,56.0,0.0,7.0,19.0,9.0,16.0,15.0,1040.0,840.0,1905.0
1544040254.613246,5200.0,0.0,132.0,3.0,2.0,56.0,0.0,7.0,19.0,8.0,16.0,15.0,1040.0,840.0,1905.0
1544040254.713712,5200.0,0.0,132.0,3.0,2.0,56.0,0.0,7.0,19.0,9.0,16.0,14.0,1040.0,840.0,1905.0
1544040254.815429,5200.0,0.0,132.0,3.0,2.0,56.0,0.0,7.0,19.0,8.0,16.0,15.0,1040.0,840.0,1905.0
1544040254.914639,5200.0,0.0,132.0,3.0,2.0,56.0,0.0,7.0,18.0,9.0,15.0,14.0,1040.0,840.0,1905.0
1544040255.0151,5200.0,0.0,132.0,3.0,2.0,56.0,0.0,7.0,19.0,10.0,16.0,15.0,1040.0,840.0,1905.0
1544040255.116416,5200.0,0.0,132.0,3.0,2.0,56.0,0.0,7.0,19.0,8.0,16.0,14.0,1040.0,840.0,1905.0
1544040255.2169,5200.0,0.0,132.0,3.0,2.0,56.0,0.0,7.0,19.0,9.0,16.0,15.0,1040.0,840.0,1905.0
1544040255.317373,5200.0,0.0,132.0,3.0,2.0,56.0,0.0,7.0,19.0,9.0,16.0,15.0,1040.0,840.0,1905.0
1544040255.417842,5200.0,0.0,132.0,3.0,2.0,56.0,0.0,7.0,19.0,10.0,15.0,15.0,1040.0,840.0,1905.0
1544040255.518326,5200.0,0.0,132.0,3.0,2.0,56.0,0.0,7.0,19.0,9.0,15.0,15.0,1040.0,840.0,1905.0
1544040255.618806,5200.0,0.0,132.0,3.0,2.0,56.0,0.0,7.0,19.0,10.0,16.0,15.0,1040.0,840.0,1905.0
1544040255.719276,5200.0,0.0,132.0,3.0,2.0,56.0,0.0,7.0,19.0,10.0,16.0,15.0,1040.0,840.0,1905.0
1544040255.819753,5200.0,0.0,132.0,3.0,2.0,56.0,0.0,7.0,19.0,9.0,16.0,14.0,1040.0,840.0,1905.0
1544040255.920213,5200.0,0.0,132.0,3.0,2.0,56.0,0.0,7.0,18.0,9.0,15.0,14.0,1040.0,840.0,1905.0
1544040256.020692,5200.0,0.0,132.0,3.0,2.0,56.0,0.0,7.0,18.0,9.0,15.0,14.0,1040.0,840.0,1905.0
1544040256.121159,5200.0,0.0,132.0,3.0,2.0,56.0,0.0,7.0,18.0,8.0,15.0,15.0,1040.0,840.0,1905.0
1544040256.221623,5200.0,0.0,132.0,3.0,2.0,56.0,0.0,7.0,18.0,9.0,16.0,14.0,1040.0,840.0,1905.0
1544040256.422742,5200.0,0.0,132.0,3.0,2.0,56.0,0.0,7.0,18.0,9.0,15.0,14.0,1040.0,840.0,1905.0
1544040256.523227,5200.0,0.0,132.0,3.0,2.0,56.0,0.0,7.0,19.0,8.0,16.0,14.0,1040.0,840.0,1905.0
1544040256.623702,5200.0,0.0,132.0,3.0,2.0,56.0,0.0,7.0,19.0,9.0,15.0,15.0,1040.0,840.0,1905.0
1544040256.724162,5200.0,0.0,132.0,3.0,2.0,56.0,0.0,7.0,19.0,10.0,16.0,15.0,1040.0,840.0,1905.0
1544040256.824636,5200.0,0.0,132.0,3.0,2.0,56.0,0.0,7.0,19.0,9.0,16.0,16.0,1040.0,840.0,1905.0
1544040256.925108,5200.0,0.0,132.0,3.0,2.0,56.0,0.0,7.0,19.0,8.0,16.0,15.0,1040.0,840.0,1905.0
1544040257.025581,5200.0,0.0,132.0,3.0,2.0,56.0,0.0,7.0,19.0,8.0,16.0,15.0,1040.0,840.0,1905.0
1544040257.12606,5200.0,0.0,132.0,3.0,2.0,56.0,0.0,7.0,20.0,10.0,16.0,16.0,1040.0,840.0,1905.0
1544040257.22652,5200.0,0.0,132.0,3.0,2.0,56.0,0.0,7.0,19.0,10.0,16.0,16.0,1040.0,840.0,1905.0
1544040257.327012,5200.0,0.0,132.0,3.0,2.0,56.0,0.0,7.0,19.0,10.0,15.0,15.0,1040.0,840.0,1905.0
1544040257.428424,5200.0,0.0,132.0,3.0,2.0,56.0,0.0,7.0,18.0,9.0,15.0,15.0,1040.0,840.0,1905.0
1544040257.528899,5200.0,0.0,132.0,3.0,2.0,56.0,0.0,7.0,19.0,9.0,16.0,15.0,1040.0,840.0,1905.0
1544040257.62937,5200.0,0.0,132.0,3.0,2.0,56.0,0.0,7.0,19.0,8.0,16.0,15.0,1040.0,840.0,1905.0
1544040257.729858,5200.0,0.0,132.0,3.0,2.0,56.0,0.0,7.0,18.0,8.0,15.0,15.0,1040.0,840.0,1905.0
1544040257.83031,5200.0,0.0,132.0,3.0,2.0,56.0,0.0,7.0,19.0,8.0,16.0,15.0,1040.0,840.0,1905.0
1544040257.930778,5200.0,0.0,132.0,3.0,2.0,56.0,0.0,7.0,19.0,10.0,16.0,15.0,1040.0,840.0,1905.0
1544040258.031253,5200.0,0.0,132.0,3.0,2.0,56.0,0.0,7.0,18.0,9.0,15.0,15.0,1040.0,840.0,1905.0
1544040258.131722,5200.0,0.0,132.0,3.0,2.0,56.0,0.0,7.0,19.0,9.0,16.0,14.0,1040.0,840.0,1905.0
1544040258.232226,5200.0,0.0,132.0,3.0,2.0,56.0,0.0,7.0,19.0,9.0,16.0,15.0,1040.0,840.0,1905.0
1544040258.332696,5200.0,0.0,132.0,3.0,2.0,56.0,0.0,7.0,19.0,8.0,17.0,15.0,1040.0,840.0,1905.0
1544040258.43318,5200.0,0.0,132.0,3.0,2.0,56.0,0.0,7.0,19.0,10.0,16.0,14.0,1040.0,840.0,1905.0
1544040258.533641,5200.0,0.0,132.0,3.0,2.0,56.0,0.0,7.0,18.0,9.0,15.0,14.0,1040.0,840.0,1905.0
1544040258.634135,5200.0,0.0,132.0,3.0,2.0,56.0,0.0,7.0,19.0,9.0,16.0,15.0,1040.0,840.0,1905.0
1544040258.734595,5200.0,0.0,132.0,3.0,2.0,56.0,0.0,7.0,19.0,11.0,16.0,15.0,1040.0,840.0,1905.0
1544040258.835088,5200.0,0.0,132.0,3.0,2.0,56.0,0.0,7.0,18.0,9.0,16.0,14.0,1040.0,840.0,1905.0
1544040259.036034,5200.0,0.0,132.0,3.0,2.0,56.0,0.0,7.0,19.0,9.0,16.0,15.0,1040.0,840.0,1905.0
1544040259.136506,5200.0,0.0,132.0,3.0,2.0,56.0,0.0,7.0,19.0,9.0,16.0,15.0,1040.0,840.0,1905.0
1544040259.236987,5200.0,0.0,132.0,3.0,2.0,56.0,0.0,7.0,19.0,10.0,16.0,15.0,1040.0,840.0,1905.0
1544040259.337471,5200.0,0.0,132.0,3.0,2.0,56.0,0.0,7.0,19.0,10.0,16.0,14.0,1040.0,840.0,1905.0
1544040259.437952,5200.0,0.0,132.0,3.0,2.0,56.0,0.0,7.0,19.0,10.0,16.0,15.0,1040.0,840.0,1905.0
1544040259.538406,5200.0,0.0,132.0,3.0,2.0,56.0,0.0,7.0,18.0,10.0,15.0,14.0,1040.0,840.0,1905.0
1544040259.63889,5200.0,0.0,132.0,3.0,2.0,56.0,0.0,7.0,19.0,8.0,16.0,15.0,1040.0,840.0,1905.0
1544040259.73936,5200.0,0.0,132.0,3.0,2.0,56.0,0.0,7.0,19.0,9.0,16.0,15.0,1040.0,840.0,1905.0
1544040259.84001,5200.0,0.0,132.0,3.0,2.0,56.0,0.0,7.0,19.0,10.0,15.0,15.0,1040.0,840.0,1905.0
1544040259.940492,5200.0,0.0,132.0,3.0,2.0,56.0,0.0,7.0,18.0,8.0,16.0,14.0,1040.0,840.0,1905.0
1544040260.040962,5200.0,0.0,132.0,3.0,2.0,56.0,0.0,7.0,19.0,9.0,15.0,15.0,1040.0,840.0,1905.0
1544040260.141431,5200.0,0.0,132.0,3.0,2.0,56.0,0.0,7.0,19.0,9.0,16.0,14.0,1040.0,840.0,1905.0
1544040260.242772,5200.0,0.0,132.0,3.0,2.0,56.0,0.0,7.0,19.0,10.0,16.0,15.0,1040.0,840.0,1905.0
1544040260.342335,5200.0,0.0,132.0,3.0,2.0,56.0,0.0,7.0,19.0,9.0,16.0,15.0,1040.0,840.0,1905.0
1544040260.442801,5200.0,0.0,132.0,3.0,2.0,56.0,0.0,7.0,19.0,10.0,16.0,15.0,1040.0,840.0,1905.0
1544040260.543268,5200.0,0.0,132.0,3.0,2.0,56.0,0.0,7.0,19.0,10.0,15.0,15.0,1040.0,840.0,1905.0
1544040260.643891,5200.0,0.0,132.0,3.0,2.0,56.0,0.0,7.0,18.0,9.0,15.0,15.0,1040.0,840.0,1905.0
1544040260.744378,5200.0,0.0,132.0,3.0,2.0,56.0,0.0,7.0,18.0,8.0,15.0,15.0,1040.0,840.0,1905.0
1544040260.844841,5200.0,0.0,132.0,3.0,2.0,56.0,0.0,7.0,18.0,7.0,15.0,15.0,1040.0,840.0,1905.0
1544040260.945311,5200.0,0.0,132.0,3.0,2.0,56.0,0.0,7.0,19.0,8.0,16.0,15.0,1040.0,840.0,1905.0
1544040261.146353,5200.0,0.0,132.0,3.0,2.0,56.0,0.0,7.0,19.0,11.0,16.0,15.0,1040.0,840.0,1905.0
1544040261.246854,5200.0,0.0,132.0,3.0,2.0,56.0,0.0,7.0,19.0,10.0,16.0,15.0,1040.0,840.0,1905.0
1544040261.347285,5200.0,0.0,132.0,3.0,2.0,56.0,0.0,7.0,19.0,10.0,16.0,15.0,1040.0,840.0,1905.0
1544040261.447752,5200.0,0.0,132.0,3.0,2.0,56.0,0.0,7.0,19.0,9.0,16.0,15.0,1040.0,840.0,1905.0
1544040261.548232,5200.0,0.0,132.0,3.0,2.0,56.0,0.0,7.0,19.0,9.0,15.0,15.0,1040.0,840.0,1905.0
1544040261.648706,5200.0,0.0,132.0,3.0,2.0,56.0,0.0,7.0,19.0,9.0,16.0,15.0,1040.0,840.0,1905.0
1544040261.74915,5200.0,0.0,132.0,3.0,2.0,56.0,0.0,7.0,19.0,9.0,16.0,15.0,1040.0,840.0,1905.0
1544040261.849613,5200.0,0.0,132.0,3.0,2.0,56.0,0.0,7.0,19.0,9.0,16.0,15.0,1040.0,840.0,1905.0
1544040261.950082,5200.0,0.0,132.0,3.0,2.0,56.0,0.0,7.0,19.0,9.0,16.0,14.0,1040.0,840.0,1905.0
1544040262.050551,5200.0,0.0,132.0,3.0,2.0,56.0,0.0,7.0,19.0,10.0,16.0,15.0,1040.0,840.0,1905.0
1544040262.151861,5200.0,0.0,132.0,3.0,2.0,56.0,0.0,7.0,18.0,9.0,15.0,14.0,1040.0,840.0,1905.0
1544040262.252322,5200.0,0.0,132.0,3.0,2.0,56.0,0.0,7.0,19.0,8.0,16.0,15.0,1040.0,840.0,1905.0
1544040262.352796,5200.0,0.0,132.0,3.0,2.0,56.0,0.0,7.0,19.0,10.0,16.0,15.0,1040.0,840.0,1905.0
1544040262.453267,5200.0,0.0,132.0,3.0,2.0,56.0,0.0,7.0,19.0,9.0,15.0,15.0,1040.0,840.0,1905.0
1544040262.553722,5200.0,0.0,132.0,3.0,2.0,56.0,0.0,7.0,19.0,10.0,17.0,15.0,1040.0,840.0,1905.0
1544040262.654168,5200.0,0.0,132.0,3.0,2.0,56.0,0.0,7.0,18.0,10.0,15.0,14.0,1040.0,840.0,1905.0
1544040262.754637,5200.0,0.0,132.0,3.0,2.0,56.0,0.0,7.0,19.0,9.0,16.0,15.0,1040.0,840.0,1905.0
1544040262.855095,5200.0,0.0,132.0,3.0,2.0,56.0,0.0,7.0,19.0,10.0,15.0,14.0,1040.0,840.0,1905.0
1544040262.955573,5200.0,0.0,132.0,3.0,2.0,56.0,0.0,7.0,19.0,9.0,16.0,14.0,1040.0,840.0,1905.0
1544040263.056049,5200.0,0.0,132.0,3.0,2.0,56.0,0.0,7.0,19.0,10.0,16.0,16.0,1040.0,840.0,1905.0
1544040263.156496,5200.0,0.0,132.0,3.0,2.0,56.0,0.0,7.0,19.0,9.0,16.0,14.0,1040.0,840.0,1905.0
1544040263.256957,5200.0,0.0,132.0,3.0,2.0,56.0,0.0,7.0,19.0,10.0,16.0,15.0,1040.0,840.0,1905.0
1544040263.357424,5200.0,0.0,132.0,3.0,2.0,56.0,0.0,7.0,19.0,7.0,17.0,15.0,1040.0,840.0,1905.0
1544040263.457908,5200.0,0.0,132.0,3.0,2.0,56.0,0.0,7.0,19.0,9.0,16.0,15.0,1040.0,840.0,1905.0
1544040263.558375,5200.0,0.0,132.0,3.0,2.0,56.0,0.0,7.0,19.0,10.0,15.0,15.0,1040.0,840.0,1905.0
1544040263.759424,5200.0,0.0,132.0,3.0,2.0,56.0,0.0,7.0,19.0,10.0,15.0,15.0,1040.0,840.0,1905.0
1544040263.859894,5200.0,0.0,132.0,3.0,2.0,56.0,0.0,7.0,19.0,9.0,16.0,15.0,1040.0,840.0,1905.0
1544040263.960371,5200.0,0.0,132.0,3.0,2.0,56.0,0.0,7.0,18.0,8.0,14.0,14.0,1040.0,840.0,1905.0
1544040264.060819,5200.0,0.0,132.0,3.0,2.0,56.0,0.0,7.0,19.0,10.0,15.0,15.0,1040.0,840.0,1905.0
1544040264.16129,5200.0,0.0,132.0,3.0,2.0,56.0,0.0,7.0,19.0,9.0,16.0,15.0,1040.0,840.0,1905.0
1544040264.261759,5200.0,0.0,132.0,3.0,2.0,56.0,0.0,7.0,19.0,8.0,16.0,15.0,1040.0,840.0,1905.0
1544040264.362231,5200.0,0.0,132.0,3.0,2.0,56.0,0.0,7.0,19.0,10.0,15.0,15.0,1040.0,840.0,1905.0
1544040264.462847,5200.0,0.0,132.0,3.0,2.0,56.0,0.0,7.0,19.0,10.0,16.0,15.0,1040.0,840.0,1905.0
1544040264.564168,5200.0,0.0,132.0,3.0,2.0,56.0,0.0,7.0,18.0,8.0,15.0,15.0,1040.0,840.0,1905.0
1544040264.664634,5200.0,0.0,132.0,3.0,2.0,56.0,0.0,7.0,19.0,10.0,15.0,15.0,1040.0,840.0,1905.0
1544040264.765106,5200.0,0.0,132.0,3.0,2.0,56.0,0.0,7.0,19.0,9.0,16.0,15.0,1040.0,840.0,1905.0
1544040264.865564,5200.0,0.0,132.0,3.0,2.0,56.0,0.0,7.0,19.0,10.0,16.0,15.0,1040.0,840.0,1905.0
1544040264.966045,5200.0,0.0,132.0,3.0,2.0,56.0,0.0,7.0,19.0,10.0,16.0,14.0,1040.0,840.0,1905.0
1544040265.066499,5200.0,0.0,132.0,3.0,2.0,56.0,0.0,7.0,19.0,9.0,16.0,15.0,1040.0,840.0,1905.0
1544040265.166959,5200.0,0.0,132.0,3.0,2.0,56.0,0.0,7.0,19.0,10.0,16.0,14.0,1040.0,840.0,1905.0
1544040265.267427,5200.0,0.0,132.0,3.0,2.0,56.0,0.0,7.0,19.0,9.0,15.0,15.0,1040.0,840.0,1905.0
1544040265.367901,5200.0,0.0,132.0,3.0,2.0,56.0,0.0,7.0,18.0,9.0,15.0,14.0,1040.0,840.0,1905.0
1544040265.46836,5200.0,0.0,132.0,3.0,2.0,56.0,0.0,7.0,18.0,8.0,15.0,15.0,1040.0,840.0,1905.0
1544040265.6697,5200.0,0.0,132.0,3.0,2.0,56.0,0.0,7.0,19.0,9.0,17.0,15.0,1040.0,840.0,1905.0
1544040265.769945,5200.0,0.0,132.0,3.0,2.0,56.0,0.0,7.0,19.0,10.0,15.0,15.0,1040.0,840.0,1905.0
1544040265.870415,5200.0,0.0,132.0,3.0,2.0,56.0,0.0,7.0,19.0,9.0,15.0,15.0,1040.0,840.0,1905.0
1544040265.970875,5200.0,0.0,132.0,3.0,2.0,56.0,0.0,7.0,19.0,10.0,15.0,15.0,1040.0,840.0,1905.0
1544040266.071352,5200.0,0.0,132.0,3.0,2.0,56.0,0.0,7.0,18.0,10.0,15.0,14.0,1040.0,840.0,1905.0
1544040266.171828,5200.0,0.0,132.0,3.0,2.0,56.0,0.0,7.0,19.0,10.0,16.0,15.0,1040.0,840.0,1905.0
1544040266.272303,5200.0,0.0,132.0,3.0,2.0,56.0,0.0,7.0,19.0,8.0,15.0,15.0,1040.0,840.0,1905.0
1544040266.372771,5200.0,0.0,132.0,3.0,2.0,56.0,0.0,7.0,19.0,9.0,16.0,15.0,1040.0,840.0,1905.0
1544040266.473234,5200.0,0.0,132.0,3.0,2.0,56.0,0.0,7.0,19.0,10.0,16.0,15.0,1040.0,840.0,1905.0
1544040266.573693,5200.0,0.0,132.0,3.0,2.0,56.0,0.0,7.0,19.0,9.0,16.0,15.0,1040.0,840.0,1905.0
1544040266.674166,5200.0,0.0,132.0,3.0,2.0,56.0,0.0,7.0,19.0,10.0,16.0,15.0,1040.0,840.0,1905.0
1544040266.774638,5200.0,0.0,132.0,3.0,2.0,56.0,0.0,7.0,19.0,10.0,15.0,15.0,1040.0,840.0,1905.0
1544040266.87595,5200.0,0.0,132.0,3.0,2.0,56.0,0.0,7.0,19.0,11.0,16.0,14.0,1040.0,840.0,1905.0
1544040266.976421,5200.0,0.0,132.0,3.0,2.0,56.0,0.0,7.0,19.0,10.0,16.0,15.0,1040.0,840.0,1905.0
1544040267.076883,5200.0,0.0,132.0,3.0,2.0,56.0,0.0,7.0,19.0,9.0,15.0,15.0,1040.0,840.0,1905.0
1544040267.177346,5200.0,0.0,132.0,3.0,2.0,56.0,0.0,7.0,19.0,9.0,15.0,15.0,1040.0,840.0,1905.0
1544040267.277822,5200.0,0.0,132.0,3.0,2.0,56.0,0.0,7.0,19.0,9.0,17.0,15.0,1040.0,840.0,1905.0
1544040267.378274,5200.0,0.0,132.0,3.0,2.0,56.0,0.0,7.0,18.0,7.0,15.0,15.0,1040.0,840.0,1905.0
1544040267.478751,5200.0,0.0,132.0,3.0,2.0,56.0,0.0,7.0,19.0,8.0,16.0,14.0,1040.0,840.0,1905.0
1544040267.679804,5200.0,0.0,132.0,3.0,2.0,56.0,0.0,7.0,19.0,9.0,16.0,14.0,1040.0,840.0,1905.0
1544040267.78028,5200.0,0.0,132.0,3.0,2.0,56.0,0.0,7.0,19.0,10.0,16.0,15.0,1040.0,840.0,1905.0
1544040267.880749,5200.0,0.0,132.0,3.0,2.0,56.0,0.0,7.0,19.0,9.0,16.0,15.0,1040.0,840.0,1905.0
1544040267.981198,5200.0,0.0,132.0,3.0,2.0,56.0,0.0,7.0,18.0,8.0,15.0,15.0,1040.0,840.0,1905.0
1544040268.081676,5200.0,0.0,132.0,3.0,2.0,56.0,0.0,7.0,19.0,10.0,15.0,16.0,1040.0,840.0,1905.0
1544040268.182125,5200.0,0.0,132.0,3.0,2.0,56.0,0.0,7.0,18.0,8.0,16.0,14.0,1040.0,840.0,1905.0
1544040268.282761,5200.0,0.0,132.0,3.0,2.0,56.0,0.0,7.0,19.0,10.0,16.0,15.0,1040.0,840.0,1905.0
1544040268.383235,5200.0,0.0,132.0,3.0,2.0,56.0,0.0,7.0,18.0,9.0,16.0,14.0,1040.0,840.0,1905.0
1544040268.483678,5200.0,0.0,132.0,3.0,2.0,56.0,0.0,7.0,19.0,9.0,16.0,15.0,1040.0,840.0,1905.0
1544040268.584155,5200.0,0.0,132.0,3.0,2.0,56.0,0.0,7.0,19.0,9.0,16.0,15.0,1040.0,840.0,1905.0
1544040268.684608,5200.0,0.0,132.0,3.0,2.0,56.0,0.0,7.0,18.0,8.0,15.0,15.0,1040.0,840.0,1905.0
1544040268.785078,5200.0,0.0,132.0,3.0,2.0,56.0,0.0,7.0,19.0,10.0,16.0,15.0,1040.0,840.0,1905.0
1544040268.885541,5200.0,0.0,132.0,3.0,2.0,56.0,0.0,7.0,18.0,7.0,16.0,14.0,1040.0,840.0,1905.0
1544040268.986013,5200.0,0.0,132.0,3.0,2.0,56.0,0.0,7.0,18.0,8.0,15.0,14.0,1040.0,840.0,1905.0
1544040269.086464,5200.0,0.0,132.0,3.0,2.0,56.0,0.0,7.0,19.0,8.0,16.0,14.0,1040.0,840.0,1905.0
1544040269.186933,5200.0,0.0,132.0,3.0,2.0,56.0,0.0,7.0,19.0,10.0,16.0,14.0,1040.0,840.0,1905.0
1544040269.288261,5200.0,0.0,132.0,3.0,2.0,56.0,0.0,7.0,18.0,9.0,15.0,14.0,1040.0,840.0,1905.0
1544040269.388709,5200.0,0.0,132.0,3.0,2.0,56.0,0.0,7.0,19.0,9.0,16.0,15.0,1040.0,840.0,1905.0
1544040269.58976,5200.0,0.0,132.0,3.0,2.0,56.0,0.0,7.0,18.0,9.0,16.0,14.0,1040.0,840.0,1905.0
1544040269.690244,5200.0,0.0,132.0,3.0,2.0,56.0,0.0,7.0,19.0,11.0,16.0,14.0,1040.0,840.0,1905.0
1544040269.790727,5200.0,0.0,132.0,3.0,2.0,56.0,0.0,7.0,19.0,9.0,15.0,15.0,1040.0,840.0,1905.0
1544040269.891201,5200.0,0.0,132.0,3.0,2.0,56.0,0.0,7.0,19.0,9.0,16.0,14.0,1040.0,840.0,1905.0
1544040269.991649,5200.0,0.0,132.0,3.0,2.0,56.0,0.0,7.0,19.0,8.0,16.0,14.0,1040.0,840.0,1905.0
1544040270.092119,5200.0,0.0,132.0,3.0,2.0,56.0,0.0,7.0,19.0,10.0,16.0,15.0,1040.0,840.0,1905.0
1544040270.192773,5200.0,0.0,132.0,3.0,2.0,56.0,0.0,7.0,19.0,8.0,16.0,15.0,1040.0,840.0,1905.0
1544040270.293234,5200.0,0.0,132.0,3.0,2.0,56.0,0.0,7.0,18.0,9.0,16.0,13.0,1040.0,840.0,1905.0
1544040270.393683,5200.0,0.0,132.0,3.0,2.0,56.0,0.0,7.0,19.0,8.0,15.0,15.0,1040.0,840.0,1905.0
1544040270.494156,5200.0,0.0,132.0,3.0,2.0,56.0,0.0,7.0,19.0,10.0,15.0,15.0,1040.0,840.0,1905.0
1544040270.594607,5200.0,0.0,132.0,3.0,2.0,56.0,0.0,7.0,19.0,9.0,16.0,15.0,1040.0,840.0,1905.0
1544040270.695064,5200.0,0.0,132.0,3.0,2.0,56.0,0.0,7.0,19.0,10.0,16.0,14.0,1040.0,840.0,1905.0
1544040270.79554,5200.0,0.0,132.0,3.0,2.0,56.0,0.0,7.0,18.0,8.0,15.0,15.0,1040.0,840.0,1905.0
1544040270.895995,5200.0,0.0,132.0,3.0,2.0,56.0,0.0,7.0,19.0,9.0,16.0,15.0,1040.0,840.0,1905.0
1544040270.996461,5200.0,0.0,132.0,3.0,2.0,56.0,0.0,7.0,19.0,10.0,16.0,15.0,1040.0,840.0,1905.0
1544040271.097073,5200.0,0.0,132.0,3.0,2.0,56.0,0.0,7.0,19.0,10.0,16.0,15.0,1040.0,840.0,1905.0
1544040271.197443,5200.0,0.0,132.0,3.0,2.0,56.0,0.0,7.0,19.0,10.0,16.0,15.0,1040.0,840.0,1905.0
1544040271.297893,5200.0,0.0,132.0,3.0,2.0,56.0,0.0,7.0,19.0,10.0,16.0,16.0,1040.0,840.0,1905.0
1544040271.398358,5200.0,0.0,132.0,3.0,2.0,56.0,0.0,7.0,18.0,9.0,15.0,14.0,1040.0,840.0,1905.0
1544040271.498829,5200.0,0.0,132.0,3.0,2.0,56.0,0.0,7.0,18.0,8.0,15.0,14.0,1040.0,840.0,1905.0
1544040271.70078,5200.0,0.0,132.0,3.0,2.0,56.0,0.0,7.0,18.0,9.0,16.0,14.0,1040.0,840.0,1905.0
1544040271.801143,5200.0,0.0,132.0,3.0,2.0,56.0,0.0,7.0,18.0,8.0,15.0,15.0,1040.0,840.0,1905.0
1544040271.901617,5200.0,0.0,132.0,3.0,2.0,56.0,0.0,7.0,19.0,8.0,16.0,15.0,1040.0,840.0,1905.0
1544040272.002095,5200.0,0.0,132.0,3.0,2.0,56.0,0.0,7.0,19.0,9.0,16.0,16.0,1040.0,840.0,1905.0
1544040272.102723,5200.0,0.0,132.0,3.0,2.0,56.0,0.0,7.0,19.0,8.0,16.0,16.0,1040.0,840.0,1905.0
1544040272.203196,5200.0,0.0,132.0,3.0,2.0,56.0,0.0,7.0,19.0,10.0,16.0,15.0,1040.0,840.0,1905.0
1544040272.303656,5200.0,0.0,132.0,3.0,2.0,56.0,0.0,7.0,19.0,10.0,16.0,15.0,1040.0,840.0,1905.0
1544040272.404114,5200.0,0.0,132.0,3.0,2.0,56.0,0.0,7.0,18.0,9.0,15.0,15.0,1040.0,840.0,1905.0
1544040272.504593,5200.0,0.0,132.0,3.0,2.0,56.0,0.0,7.0,19.0,9.0,16.0,14.0,1040.0,840.0,1905.0
1544040272.605061,5200.0,0.0,132.0,3.0,2.0,56.0,0.0,7.0,19.0,10.0,16.0,15.0,1040.0,840.0,1905.0
1544040272.705521,5200.0,0.0,132.0,3.0,2.0,56.0,0.0,7.0,18.0,9.0,15.0,14.0,1040.0,840.0,1905.0
1544040272.80598,5200.0,0.0,132.0,3.0,2.0,56.0,0.0,7.0,19.0,9.0,15.0,15.0,1040.0,840.0,1905.0
1544040272.906445,5200.0,0.0,132.0,3.0,2.0,56.0,0.0,7.0,19.0,9.0,16.0,15.0,1040.0,840.0,1905.0
1544040273.006904,5200.0,0.0,132.0,3.0,2.0,56.0,0.0,7.0,19.0,10.0,16.0,15.0,1040.0,840.0,1905.0
1544040273.107368,5200.0,0.0,132.0,3.0,2.0,56.0,0.0,7.0,19.0,10.0,16.0,15.0,1040.0,840.0,1905.0
1544040273.207834,5200.0,0.0,132.0,3.0,2.0,56.0,0.0,7.0,19.0,9.0,15.0,15.0,1040.0,840.0,1905.0
1544040273.308307,5200.0,0.0,132.0,3.0,2.0,56.0,0.0,7.0,19.0,10.0,16.0,15.0,1040.0,840.0,1905.0
1544040273.408774,5200.0,0.0,132.0,3.0,2.0,56.0,0.0,7.0,19.0,8.0,16.0,15.0,1040.0,840.0,1905.0
1544040273.509227,5200.0,0.0,132.0,3.0,2.0,56.0,0.0,7.0,19.0,9.0,16.0,14.0,1040.0,840.0,1905.0
1544040273.60971,5200.0,0.0,132.0,3.0,2.0,56.0,0.0,7.0,19.0,9.0,16.0,15.0,1040.0,840.0,1905.0
1544040273.810613,5200.0,0.0,132.0,3.0,2.0,56.0,0.0,7.0,19.0,8.0,15.0,15.0,1040.0,840.0,1905.0
1544040273.911107,5200.0,0.0,132.0,3.0,2.0,56.0,0.0,7.0,19.0,9.0,16.0,15.0,1040.0,840.0,1905.0
1544040274.012444,5200.0,0.0,132.0,3.0,2.0,56.0,0.0,7.0,19.0,8.0,16.0,15.0,1040.0,840.0,1905.0
1544040274.112895,5200.0,0.0,132.0,3.0,2.0,56.0,0.0,7.0,19.0,10.0,15.0,15.0,1040.0,840.0,1905.0
1544040274.213368,5200.0,0.0,132.0,3.0,2.0,56.0,0.0,7.0,18.0,8.0,16.0,14.0,1040.0,840.0,1905.0
1544040274.313825,5200.0,0.0,132.0,3.0,2.0,56.0,0.0,7.0,19.0,9.0,16.0,15.0,1040.0,840.0,1905.0
1544040274.414302,5200.0,0.0,132.0,3.0,2.0,56.0,0.0,7.0,19.0,10.0,16.0,13.0,1040.0,840.0,1905.0
1544040274.514768,5200.0,0.0,132.0,3.0,2.0,56.0,0.0,7.0,19.0,10.0,16.0,15.0,1040.0,840.0,1905.0
1544040274.615216,5200.0,0.0,132.0,3.0,2.0,56.0,0.0,7.0,19.0,9.0,15.0,15.0,1040.0,840.0,1905.0
1544040274.71569,5200.0,0.0,132.0,3.0,2.0,56.0,0.0,7.0,19.0,10.0,15.0,15.0,1040.0,840.0,1905.0
1544040274.816168,5200.0,0.0,132.0,3.0,2.0,56.0,0.0,7.0,19.0,9.0,15.0,15.0,1040.0,840.0,1905.0
1544040274.91667,5200.0,0.0,132.0,3.0,2.0,56.0,0.0,7.0,19.0,8.0,16.0,15.0,1040.0,840.0,1905.0
1544040275.017092,5200.0,0.0,132.0,3.0,2.0,56.0,0.0,7.0,18.0,8.0,15.0,14.0,1040.0,840.0,1905.0
1544040275.117546,5200.0,0.0,132.0,3.0,2.0,56.0,0.0,7.0,19.0,9.0,16.0,15.0,1040.0,840.0,1905.0
1544040275.218011,5200.0,0.0,132.0,3.0,2.0,56.0,0.0,7.0,18.0,9.0,15.0,14.0,1040.0,840.0,1905.0
1544040275.31847,5200.0,0.0,132.0,3.0,2.0,56.0,0.0,7.0,19.0,9.0,16.0,14.0,1040.0,840.0,1905.0
1544040275.418933,5200.0,0.0,132.0,3.0,2.0,56.0,0.0,7.0,19.0,10.0,15.0,15.0,1040.0,840.0,1905.0
1544040275.519399,5200.0,0.0,132.0,3.0,2.0,56.0,0.0,7.0,19.0,10.0,16.0,15.0,1040.0,840.0,1905.0
1544040275.61988,5200.0,0.0,132.0,3.0,2.0,56.0,0.0,7.0,19.0,8.0,16.0,15.0,1040.0,840.0,1905.0
1544040275.820922,5200.0,0.0,132.0,3.0,2.0,56.0,0.0,7.0,19.0,10.0,15.0,15.0,1040.0,840.0,1905.0
1544040275.921376,5200.0,0.0,132.0,3.0,2.0,56.0,0.0,7.0,19.0,10.0,15.0,15.0,1040.0,840.0,1905.0
1544040276.021844,5200.0,0.0,132.0,3.0,2.0,56.0,0.0,7.0,19.0,10.0,16.0,15.0,1040.0,840.0,1905.0
1544040276.122353,5200.0,0.0,132.0,3.0,2.0,56.0,0.0,7.0,19.0,10.0,16.0,14.0,1040.0,840.0,1905.0
1544040276.222996,5200.0,0.0,132.0,3.0,2.0,56.0,0.0,7.0,19.0,9.0,16.0,15.0,1040.0,840.0,1905.0
1544040276.324308,5200.0,0.0,132.0,3.0,2.0,56.0,0.0,7.0,19.0,9.0,16.0,15.0,1040.0,840.0,1905.0
1544040276.424775,5200.0,0.0,132.0,3.0,2.0,56.0,0.0,7.0,19.0,10.0,16.0,16.0,1040.0,840.0,1905.0
1544040276.525255,5200.0,0.0,132.0,3.0,2.0,56.0,0.0,7.0,18.0,10.0,15.0,14.0,1040.0,840.0,1905.0
1544040276.626503,5200.0,0.0,132.0,3.0,2.0,56.0,0.0,7.0,19.0,10.0,16.0,15.0,1040.0,840.0,1905.0
1544040276.72617,5200.0,0.0,132.0,3.0,2.0,56.0,0.0,7.0,19.0,10.0,15.0,15.0,1040.0,840.0,1905.0
1544040276.826693,5200.0,0.0,132.0,3.0,2.0,56.0,0.0,7.0,19.0,10.0,17.0,15.0,1040.0,840.0,1905.0
1544040276.927125,5200.0,0.0,132.0,3.0,2.0,56.0,0.0,7.0,19.0,10.0,16.0,14.0,1040.0,840.0,1905.0
1544040277.027768,5200.0,0.0,132.0,3.0,2.0,56.0,0.0,7.0,19.0,10.0,15.0,15.0,1040.0,840.0,1905.0
1544040277.128237,5200.0,0.0,132.0,3.0,2.0,56.0,0.0,7.0,19.0,9.0,16.0,14.0,1040.0,840.0,1905.0
1544040277.228702,5200.0,0.0,132.0,3.0,2.0,56.0,0.0,7.0,18.0,10.0,15.0,14.0,1040.0,840.0,1905.0
1544040277.32917,5200.0,0.0,132.0,3.0,2.0,56.0,0.0,7.0,19.0,10.0,15.0,15.0,1040.0,840.0,1905.0
1544040277.42965,5200.0,0.0,132.0,3.0,2.0,56.0,0.0,7.0,19.0,9.0,15.0,15.0,1040.0,840.0,1905.0
1544040277.530105,5200.0,0.0,132.0,3.0,2.0,56.0,0.0,7.0,19.0,10.0,16.0,15.0,1040.0,840.0,1905.0
1544040277.731145,5200.0,0.0,132.0,3.0,2.0,56.0,0.0,7.0,19.0,10.0,15.0,15.0,1040.0,840.0,1905.0
1544040277.831619,5200.0,0.0,132.0,3.0,2.0,56.0,0.0,7.0,19.0,9.0,16.0,14.0,1040.0,840.0,1905.0
1544040277.932084,5200.0,0.0,132.0,3.0,2.0,56.0,0.0,7.0,19.0,8.0,16.0,15.0,1040.0,840.0,1905.0
1544040278.032723,5200.0,0.0,132.0,3.0,2.0,56.0,0.0,7.0,18.0,9.0,15.0,14.0,1040.0,840.0,1905.0
1544040278.133187,5200.0,0.0,132.0,3.0,2.0,56.0,0.0,7.0,19.0,10.0,16.0,15.0,1040.0,840.0,1905.0
1544040278.233658,5200.0,0.0,132.0,3.0,2.0,56.0,0.0,7.0,18.0,9.0,16.0,14.0,1040.0,840.0,1905.0
1544040278.339308,5200.0,0.0,132.0,3.0,2.0,56.0,0.0,7.0,19.0,10.0,15.0,15.0,1040.0,840.0,1905.0
1544040278.439779,5200.0,0.0,132.0,3.0,2.0,56.0,0.0,7.0,19.0,10.0,15.0,15.0,1040.0,840.0,1905.0
1544040278.540228,5200.0,0.0,132.0,3.0,2.0,56.0,0.0,7.0,18.0,9.0,15.0,14.0,1040.0,840.0,1905.0
1544040278.640713,5200.0,0.0,132.0,3.0,2.0,56.0,0.0,7.0,19.0,8.0,16.0,15.0,1040.0,840.0,1905.0
1544040278.742025,5200.0,0.0,132.0,3.0,2.0,56.0,0.0,7.0,19.0,10.0,16.0,15.0,1040.0,840.0,1905.0
1544040278.842507,5200.0,0.0,132.0,3.0,2.0,56.0,0.0,7.0,19.0,10.0,15.0,15.0,1040.0,840.0,1905.0
1544040278.942972,5200.0,0.0,132.0,3.0,2.0,56.0,0.0,7.0,19.0,9.0,16.0,15.0,1040.0,840.0,1905.0
1544040279.043436,5200.0,0.0,132.0,3.0,2.0,56.0,0.0,7.0,19.0,9.0,16.0,14.0,1040.0,840.0,1905.0
1544040279.1439,5200.0,0.0,132.0,3.0,2.0,56.0,0.0,7.0,18.0,9.0,15.0,14.0,1040.0,840.0,1905.0
1544040279.244359,5200.0,0.0,132.0,3.0,2.0,56.0,0.0,7.0,19.0,10.0,16.0,15.0,1040.0,840.0,1905.0
1544040279.344817,5200.0,0.0,132.0,3.0,2.0,56.0,0.0,7.0,19.0,10.0,16.0,14.0,1040.0,840.0,1905.0
1544040279.445283,5200.0,0.0,132.0,3.0,2.0,56.0,0.0,7.0,19.0,9.0,16.0,16.0,1040.0,840.0,1905.0
1544040279.545755,5200.0,0.0,132.0,3.0,2.0,56.0,0.0,7.0,20.0,10.0,17.0,15.0,1040.0,840.0,1905.0
1544040279.74684,5200.0,0.0,132.0,3.0,2.0,56.0,0.0,7.0,19.0,10.0,16.0,14.0,1040.0,840.0,1905.0
1544040279.84728,5200.0,0.0,132.0,3.0,2.0,56.0,0.0,7.0,19.0,9.0,16.0,14.0,1040.0,840.0,1905.0
1544040279.947747,5200.0,0.0,132.0,3.0,2.0,56.0,0.0,7.0,19.0,9.0,16.0,16.0,1040.0,840.0,1905.0
1544040280.048209,5200.0,0.0,132.0,3.0,2.0,56.0,0.0,7.0,19.0,9.0,17.0,15.0,1040.0,840.0,1905.0
1544040280.148668,5200.0,0.0,132.0,3.0,2.0,56.0,0.0,7.0,19.0,9.0,15.0,15.0,1040.0,840.0,1905.0
1544040280.249129,5200.0,0.0,132.0,3.0,2.0,56.0,0.0,7.0,18.0,9.0,15.0,15.0,1040.0,840.0,1905.0
1544040280.349612,5200.0,0.0,132.0,3.0,2.0,56.0,0.0,7.0,19.0,9.0,16.0,14.0,1040.0,840.0,1905.0
1544040280.450078,5200.0,0.0,132.0,3.0,2.0,56.0,0.0,7.0,19.0,8.0,15.0,15.0,1040.0,840.0,1905.0
1544040280.550529,5200.0,0.0,132.0,3.0,2.0,56.0,0.0,7.0,18.0,10.0,15.0,14.0,1040.0,840.0,1905.0
1544040280.651,5200.0,0.0,132.0,3.0,2.0,56.0,0.0,7.0,18.0,8.0,16.0,14.0,1040.0,840.0,1905.0
1544040280.751457,5200.0,0.0,132.0,3.0,2.0,56.0,0.0,7.0,19.0,9.0,15.0,15.0,1040.0,840.0,1905.0
1544040280.851928,5200.0,0.0,132.0,3.0,2.0,56.0,0.0,7.0,18.0,9.0,16.0,14.0,1040.0,840.0,1905.0
1544040280.952398,5200.0,0.0,132.0,3.0,2.0,56.0,0.0,7.0,19.0,11.0,15.0,16.0,1040.0,840.0,1905.0
1544040281.053724,5200.0,0.0,132.0,3.0,2.0,56.0,0.0,7.0,19.0,10.0,16.0,14.0,1040.0,840.0,1905.0
1544040281.154212,5200.0,0.0,132.0,3.0,2.0,56.0,0.0,7.0,19.0,9.0,16.0,15.0,1040.0,840.0,1905.0
1544040281.25467,5200.0,0.0,132.0,3.0,2.0,56.0,0.0,7.0,19.0,10.0,16.0,14.0,1040.0,840.0,1905.0
1544040281.355121,5200.0,0.0,132.0,3.0,2.0,56.0,0.0,7.0,19.0,9.0,16.0,14.0,1040.0,840.0,1905.0
1544040281.455579,5200.0,0.0,132.0,3.0,2.0,56.0,0.0,7.0,20.0,10.0,17.0,15.0,1040.0,840.0,1905.0
1544040281.656693,5200.0,0.0,132.0,3.0,2.0,56.0,0.0,7.0,19.0,10.0,16.0,15.0,1040.0,840.0,1905.0
1544040281.7571,5200.0,0.0,132.0,3.0,2.0,56.0,0.0,7.0,19.0,9.0,16.0,15.0,1040.0,840.0,1905.0
1544040281.75906,5200.0,0.0,132.0,3.0,2.0,56.0,0.0,7.0,18.0,10.0,16.0,14.0,1040.0,840.0,1905.0
1544040281.85756,5200.0,0.0,132.0,3.0,2.0,56.0,0.0,7.0,19.0,9.0,16.0,15.0,1040.0,840.0,1905.0
1544040281.958025,5200.0,0.0,132.0,3.0,2.0,56.0,0.0,7.0,19.0,10.0,15.0,15.0,1040.0,840.0,1905.0
1544040282.058498,5200.0,0.0,132.0,3.0,2.0,56.0,0.0,7.0,19.0,9.0,16.0,15.0,1040.0,840.0,1905.0
1544040282.158981,5200.0,0.0,132.0,3.0,2.0,56.0,0.0,7.0,19.0,10.0,16.0,14.0,1040.0,840.0,1905.0
1544040282.25947,5200.0,0.0,132.0,3.0,2.0,56.0,0.0,7.0,19.0,10.0,16.0,15.0,1040.0,840.0,1905.0
1544040282.360813,5200.0,0.0,132.0,3.0,2.0,56.0,0.0,7.0,19.0,10.0,15.0,15.0,1040.0,840.0,1905.0
1544040282.460437,5200.0,0.0,132.0,3.0,2.0,56.0,0.0,7.0,19.0,9.0,15.0,15.0,1040.0,840.0,1905.0
1544040282.560913,5200.0,0.0,132.0,3.0,2.0,56.0,0.0,7.0,19.0,9.0,15.0,15.0,1040.0,840.0,1905.0
1544040282.661385,5200.0,0.0,132.0,3.0,2.0,56.0,0.0,7.0,18.0,10.0,15.0,14.0,1040.0,840.0,1905.0
1544040282.762053,5200.0,0.0,132.0,3.0,2.0,56.0,0.0,7.0,18.0,10.0,15.0,15.0,1040.0,840.0,1905.0
1544040282.862512,5200.0,0.0,132.0,3.0,2.0,56.0,0.0,7.0,19.0,8.0,15.0,15.0,1040.0,840.0,1905.0
1544040282.96297,5200.0,0.0,132.0,3.0,2.0,56.0,0.0,7.0,19.0,10.0,16.0,15.0,1040.0,840.0,1905.0
1544040283.063457,5200.0,0.0,132.0,3.0,2.0,56.0,0.0,7.0,19.0,9.0,16.0,15.0,1040.0,840.0,1905.0
1544040283.163927,5200.0,0.0,132.0,3.0,2.0,56.0,0.0,7.0,19.0,9.0,16.0,15.0,1040.0,840.0,1905.0
1544040283.264405,5200.0,0.0,132.0,3.0,2.0,56.0,0.0,7.0,19.0,9.0,16.0,16.0,1040.0,840.0,1905.0
1544040283.364875,5200.0,0.0,132.0,3.0,2.0,56.0,0.0,7.0,19.0,10.0,17.0,15.0,1040.0,840.0,1905.0
1544040283.466183,5200.0,0.0,132.0,3.0,2.0,56.0,0.0,7.0,19.0,11.0,16.0,15.0,1040.0,840.0,1905.0
1544040283.667256,5200.0,0.0,132.0,3.0,2.0,56.0,0.0,7.0,19.0,9.0,16.0,15.0,1040.0,840.0,1905.0
1544040283.76774,5200.0,0.0,132.0,3.0,2.0,56.0,0.0,7.0,19.0,9.0,16.0,14.0,1040.0,840.0,1905.0
1544040283.868213,5200.0,0.0,132.0,3.0,2.0,56.0,0.0,7.0,19.0,10.0,16.0,15.0,1040.0,840.0,1905.0
1544040283.968678,5200.0,0.0,132.0,3.0,2.0,56.0,0.0,7.0,19.0,9.0,15.0,15.0,1040.0,840.0,1905.0
1544040284.069161,5200.0,0.0,132.0,3.0,2.0,56.0,0.0,7.0,19.0,10.0,16.0,15.0,1040.0,840.0,1905.0
1544040284.169632,5200.0,0.0,132.0,3.0,2.0,56.0,0.0,7.0,19.0,9.0,16.0,15.0,1040.0,840.0,1905.0
1544040284.270096,5200.0,0.0,132.0,3.0,2.0,56.0,0.0,7.0,19.0,9.0,16.0,15.0,1040.0,840.0,1905.0
1544040284.370587,5200.0,0.0,132.0,3.0,2.0,56.0,0.0,7.0,19.0,10.0,16.0,15.0,1040.0,840.0,1905.0
1544040284.471066,5200.0,0.0,132.0,3.0,2.0,56.0,0.0,7.0,19.0,8.0,16.0,15.0,1040.0,840.0,1905.0
1544040284.571543,5200.0,0.0,132.0,3.0,2.0,56.0,0.0,7.0,19.0,9.0,16.0,14.0,1040.0,840.0,1905.0
1544040284.672002,5200.0,0.0,132.0,3.0,2.0,56.0,0.0,7.0,19.0,9.0,16.0,14.0,1040.0,840.0,1905.0
1544040284.772488,5200.0,0.0,132.0,3.0,2.0,56.0,0.0,7.0,19.0,10.0,15.0,15.0,1040.0,840.0,1905.0
1544040284.872948,5200.0,0.0,132.0,3.0,2.0,56.0,0.0,7.0,19.0,9.0,15.0,15.0,1040.0,840.0,1905.0
1544040284.973406,5200.0,0.0,132.0,3.0,2.0,56.0,0.0,7.0,19.0,9.0,16.0,15.0,1040.0,840.0,1905.0
1544040285.073867,5200.0,0.0,132.0,3.0,2.0,56.0,0.0,7.0,18.0,9.0,15.0,14.0,1040.0,840.0,1905.0
1544040285.174328,5200.0,0.0,132.0,3.0,2.0,56.0,0.0,7.0,19.0,10.0,17.0,15.0,1040.0,840.0,1905.0
1544040285.274787,5200.0,0.0,132.0,3.0,2.0,56.0,0.0,7.0,18.0,9.0,15.0,15.0,1040.0,840.0,1905.0
1544040285.37525,5200.0,0.0,132.0,3.0,2.0,56.0,0.0,7.0,19.0,10.0,16.0,15.0,1040.0,840.0,1905.0
1544040285.57633,5200.0,0.0,132.0,3.0,2.0,56.0,0.0,7.0,18.0,8.0,15.0,15.0,1040.0,840.0,1905.0
1544040285.676812,5200.0,0.0,132.0,3.0,2.0,56.0,0.0,7.0,18.0,9.0,15.0,14.0,1040.0,840.0,1905.0
1544040285.778085,5200.0,0.0,132.0,3.0,2.0,56.0,0.0,7.0,18.0,8.0,15.0,15.0,1040.0,840.0,1905.0
1544040285.878564,5200.0,0.0,132.0,3.0,2.0,56.0,0.0,7.0,18.0,9.0,16.0,14.0,1040.0,840.0,1905.0
1544040285.979026,5200.0,0.0,132.0,3.0,2.0,56.0,0.0,7.0,19.0,8.0,16.0,14.0,1040.0,840.0,1905.0
1544040286.079507,5200.0,0.0,132.0,3.0,2.0,56.0,0.0,7.0,18.0,9.0,16.0,14.0,1040.0,840.0,1905.0
1544040286.179965,5200.0,0.0,132.0,3.0,2.0,56.0,0.0,7.0,18.0,9.0,15.0,14.0,1040.0,840.0,1905.0
1544040286.280432,5200.0,0.0,132.0,3.0,2.0,56.0,0.0,7.0,19.0,10.0,15.0,16.0,1040.0,840.0,1905.0
1544040286.380896,5200.0,0.0,132.0,3.0,2.0,56.0,0.0,7.0,19.0,9.0,16.0,15.0,1040.0,840.0,1905.0
1544040286.481364,5200.0,0.0,132.0,3.0,2.0,56.0,0.0,7.0,19.0,8.0,16.0,15.0,1040.0,840.0,1905.0
1544040286.581831,5200.0,0.0,132.0,3.0,2.0,56.0,0.0,7.0,19.0,9.0,16.0,14.0,1040.0,840.0,1905.0
1544040286.682296,5200.0,0.0,132.0,3.0,2.0,56.0,0.0,7.0,18.0,7.0,15.0,15.0,1040.0,840.0,1905.0
1544040286.782944,5200.0,0.0,132.0,3.0,2.0,56.0,0.0,7.0,19.0,9.0,15.0,15.0,1040.0,840.0,1905.0
1544040286.883417,5200.0,0.0,132.0,3.0,2.0,56.0,0.0,7.0,19.0,9.0,16.0,15.0,1040.0,840.0,1905.0
1544040286.983879,5200.0,0.0,132.0,3.0,2.0,56.0,0.0,7.0,19.0,9.0,15.0,15.0,1040.0,840.0,1905.0
1544040287.084348,5200.0,0.0,132.0,3.0,2.0,56.0,0.0,7.0,18.0,9.0,15.0,14.0,1040.0,840.0,1905.0
1544040287.184809,5200.0,0.0,132.0,3.0,2.0,56.0,0.0,7.0,19.0,9.0,16.0,15.0,1040.0,840.0,1905.0
1544040287.28526,5200.0,0.0,132.0,3.0,2.0,56.0,0.0,7.0,19.0,9.0,16.0,15.0,1040.0,840.0,1905.0
1544040287.385728,5200.0,0.0,132.0,3.0,2.0,56.0,0.0,7.0,19.0,9.0,15.0,15.0,1040.0,840.0,1905.0
1544040287.58683,5200.0,0.0,132.0,3.0,2.0,56.0,0.0,7.0,19.0,10.0,17.0,15.0,1040.0,840.0,1905.0
1544040287.687251,5200.0,0.0,132.0,3.0,2.0,56.0,0.0,7.0,19.0,11.0,15.0,15.0,1040.0,840.0,1905.0
1544040287.787941,5200.0,0.0,132.0,3.0,2.0,56.0,0.0,7.0,19.0,9.0,16.0,14.0,1040.0,840.0,1905.0
1544040287.888245,5200.0,0.0,132.0,3.0,2.0,56.0,0.0,7.0,19.0,9.0,16.0,14.0,1040.0,840.0,1905.0
1544040287.988705,5200.0,0.0,132.0,3.0,2.0,56.0,0.0,7.0,19.0,9.0,16.0,15.0,1040.0,840.0,1905.0
1544040288.089177,5200.0,0.0,132.0,3.0,2.0,56.0,0.0,7.0,19.0,9.0,16.0,14.0,1040.0,840.0,1905.0
1544040288.190545,5200.0,0.0,132.0,3.0,2.0,56.0,0.0,7.0,19.0,10.0,17.0,15.0,1040.0,840.0,1905.0
1544040288.290954,5200.0,0.0,132.0,3.0,2.0,56.0,0.0,7.0,18.0,9.0,15.0,14.0,1040.0,840.0,1905.0
1544040288.391433,5200.0,0.0,132.0,3.0,2.0,56.0,0.0,7.0,18.0,10.0,15.0,14.0,1040.0,840.0,1905.0
1544040288.49189,5200.0,0.0,132.0,3.0,2.0,56.0,0.0,7.0,19.0,9.0,15.0,15.0,1040.0,840.0,1905.0
1544040288.592377,5200.0,0.0,132.0,3.0,2.0,56.0,0.0,7.0,19.0,9.0,15.0,15.0,1040.0,840.0,1905.0
1544040288.693006,5200.0,0.0,132.0,3.0,2.0,56.0,0.0,7.0,18.0,9.0,16.0,14.0,1040.0,840.0,1905.0
1544040288.793484,5200.0,0.0,132.0,3.0,2.0,56.0,0.0,7.0,19.0,9.0,15.0,15.0,1040.0,840.0,1905.0
1544040288.893939,5200.0,0.0,132.0,3.0,2.0,56.0,0.0,7.0,19.0,8.0,16.0,15.0,1040.0,840.0,1905.0
1544040288.994395,5200.0,0.0,132.0,3.0,2.0,56.0,0.0,7.0,19.0,9.0,16.0,14.0,1040.0,840.0,1905.0
1544040289.094858,5200.0,0.0,132.0,3.0,2.0,56.0,0.0,7.0,19.0,9.0,15.0,15.0,1040.0,840.0,1905.0
1544040289.195328,5200.0,0.0,132.0,3.0,2.0,56.0,0.0,7.0,19.0,10.0,15.0,15.0,1040.0,840.0,1905.0
1544040289.2958,5200.0,0.0,132.0,3.0,2.0,56.0,0.0,7.0,19.0,9.0,15.0,15.0,1040.0,840.0,1905.0
1544040289.496856,5200.0,0.0,132.0,3.0,2.0,56.0,0.0,7.0,19.0,8.0,16.0,15.0,1040.0,840.0,1905.0
1544040289.597331,5200.0,0.0,132.0,3.0,2.0,56.0,0.0,7.0,19.0,10.0,15.0,15.0,1040.0,840.0,1905.0
1544040289.697803,5200.0,0.0,132.0,3.0,2.0,56.0,0.0,7.0,18.0,9.0,15.0,14.0,1040.0,840.0,1905.0
1544040289.798258,5200.0,0.0,132.0,3.0,2.0,56.0,0.0,7.0,19.0,10.0,16.0,15.0,1040.0,840.0,1905.0
1544040289.898718,5200.0,0.0,132.0,3.0,2.0,56.0,0.0,7.0,18.0,10.0,14.0,14.0,1040.0,840.0,1905.0
1544040289.999178,5200.0,0.0,132.0,3.0,2.0,56.0,0.0,7.0,19.0,9.0,15.0,15.0,1040.0,840.0,1905.0
1544040290.099636,5200.0,0.0,132.0,3.0,2.0,56.0,0.0,7.0,19.0,9.0,15.0,15.0,1040.0,840.0,1905.0
1544040290.200083,5200.0,0.0,132.0,3.0,2.0,56.0,0.0,7.0,19.0,10.0,16.0,14.0,1040.0,840.0,1905.0
1544040290.30057,5200.0,0.0,132.0,3.0,2.0,56.0,0.0,7.0,19.0,9.0,15.0,15.0,1040.0,840.0,1905.0
1544040290.401024,5200.0,0.0,132.0,3.0,2.0,56.0,0.0,7.0,19.0,9.0,16.0,14.0,1040.0,840.0,1905.0
1544040290.502321,5200.0,0.0,132.0,3.0,2.0,56.0,0.0,7.0,19.0,9.0,16.0,14.0,1040.0,840.0,1905.0
1544040290.603104,5200.0,0.0,132.0,3.0,2.0,56.0,0.0,7.0,19.0,9.0,16.0,14.0,1040.0,840.0,1905.0
1544040290.70343,5200.0,0.0,132.0,3.0,2.0,56.0,0.0,7.0,19.0,9.0,16.0,15.0,1040.0,840.0,1905.0
1544040290.803905,5200.0,0.0,132.0,3.0,2.0,56.0,0.0,7.0,19.0,10.0,16.0,14.0,1040.0,840.0,1905.0
1544040290.904361,5200.0,0.0,132.0,3.0,2.0,56.0,0.0,7.0,19.0,9.0,16.0,15.0,1040.0,840.0,1905.0
1544040291.004846,5200.0,0.0,132.0,3.0,2.0,56.0,0.0,7.0,19.0,8.0,15.0,15.0,1040.0,840.0,1905.0
1544040291.105293,5200.0,0.0,132.0,3.0,2.0,56.0,0.0,7.0,19.0,9.0,15.0,15.0,1040.0,840.0,1905.0
1544040291.205756,5200.0,0.0,132.0,3.0,2.0,56.0,0.0,7.0,19.0,10.0,16.0,15.0,1040.0,840.0,1905.0
1544040291.306218,5200.0,0.0,132.0,3.0,2.0,56.0,0.0,7.0,19.0,10.0,16.0,15.0,1040.0,840.0,1905.0
1544040291.50728,5200.0,0.0,132.0,3.0,2.0,56.0,0.0,7.0,19.0,10.0,16.0,16.0,1040.0,840.0,1905.0
1544040291.607772,5200.0,0.0,132.0,3.0,2.0,56.0,0.0,7.0,19.0,10.0,16.0,15.0,1040.0,840.0,1905.0
1544040291.708214,5200.0,0.0,132.0,3.0,2.0,56.0,0.0,7.0,19.0,10.0,17.0,15.0,1040.0,840.0,1905.0
1544040291.80869,5200.0,0.0,132.0,3.0,2.0,56.0,0.0,7.0,19.0,10.0,16.0,15.0,1040.0,840.0,1905.0
1544040291.909155,5200.0,0.0,132.0,3.0,2.0,56.0,0.0,7.0,19.0,8.0,16.0,15.0,1040.0,840.0,1905.0
1544040292.009625,5200.0,0.0,132.0,3.0,2.0,56.0,0.0,7.0,18.0,9.0,14.0,15.0,1040.0,840.0,1905.0
1544040292.110098,5200.0,0.0,132.0,3.0,2.0,56.0,0.0,7.0,18.0,9.0,15.0,15.0,1040.0,840.0,1905.0
1544040292.210547,5200.0,0.0,132.0,3.0,2.0,56.0,0.0,7.0,19.0,9.0,16.0,15.0,1040.0,840.0,1905.0
1544040292.311021,5200.0,0.0,132.0,3.0,2.0,56.0,0.0,7.0,19.0,9.0,16.0,15.0,1040.0,840.0,1905.0
1544040292.411481,5200.0,0.0,132.0,3.0,2.0,56.0,0.0,7.0,19.0,9.0,16.0,15.0,1040.0,840.0,1905.0
1544040292.511947,5200.0,0.0,132.0,3.0,2.0,56.0,0.0,7.0,18.0,9.0,15.0,14.0,1040.0,840.0,1905.0
1544040292.612412,5200.0,0.0,132.0,3.0,2.0,56.0,0.0,7.0,19.0,8.0,16.0,14.0,1040.0,840.0,1905.0
1544040292.713041,5200.0,0.0,132.0,3.0,2.0,56.0,0.0,7.0,18.0,8.0,15.0,14.0,1040.0,840.0,1905.0
1544040292.813514,5200.0,0.0,132.0,3.0,2.0,56.0,0.0,7.0,19.0,7.0,16.0,15.0,1040.0,840.0,1905.0
1544040292.914829,5200.0,0.0,132.0,3.0,2.0,56.0,0.0,7.0,19.0,10.0,15.0,15.0,1040.0,840.0,1905.0
1544040293.015296,5200.0,0.0,132.0,3.0,2.0,56.0,0.0,7.0,19.0,11.0,16.0,16.0,1040.0,840.0,1905.0
1544040293.115764,5200.0,0.0,132.0,3.0,2.0,56.0,0.0,7.0,19.0,9.0,15.0,15.0,1040.0,840.0,1905.0
1544040293.216219,5200.0,0.0,132.0,3.0,2.0,56.0,0.0,7.0,19.0,10.0,17.0,15.0,1040.0,840.0,1905.0
1544040293.417152,5200.0,0.0,132.0,3.0,2.0,56.0,0.0,7.0,19.0,9.0,16.0,15.0,1040.0,840.0,1905.0
1544040293.517613,5200.0,0.0,132.0,3.0,2.0,56.0,0.0,7.0,19.0,10.0,16.0,14.0,1040.0,840.0,1905.0
1544040293.6181,5200.0,0.0,132.0,3.0,2.0,56.0,0.0,7.0,19.0,10.0,16.0,14.0,1040.0,840.0,1905.0
1544040293.718734,5200.0,0.0,132.0,3.0,2.0,56.0,0.0,7.0,19.0,9.0,16.0,14.0,1040.0,840.0,1905.0
1544040293.819194,5200.0,0.0,132.0,3.0,2.0,56.0,0.0,7.0,19.0,9.0,15.0,15.0,1040.0,840.0,1905.0
1544040293.919656,5200.0,0.0,132.0,3.0,2.0,56.0,0.0,7.0,18.0,9.0,15.0,15.0,1040.0,840.0,1905.0
1544040294.020126,5200.0,0.0,132.0,3.0,2.0,56.0,0.0,7.0,18.0,7.0,15.0,14.0,1040.0,840.0,1905.0
1544040294.120605,5200.0,0.0,132.0,3.0,2.0,56.0,0.0,7.0,19.0,10.0,16.0,15.0,1040.0,840.0,1905.0
1544040294.221053,5200.0,0.0,132.0,3.0,2.0,56.0,0.0,7.0,19.0,10.0,15.0,15.0,1040.0,840.0,1905.0
1544040294.321498,5200.0,0.0,132.0,3.0,2.0,56.0,0.0,7.0,19.0,10.0,16.0,15.0,1040.0,840.0,1905.0
1544040294.421985,5200.0,0.0,132.0,3.0,2.0,56.0,0.0,7.0,19.0,8.0,15.0,15.0,1040.0,840.0,1905.0
1544040294.522446,5200.0,0.0,132.0,3.0,2.0,56.0,0.0,7.0,18.0,8.0,15.0,14.0,1040.0,840.0,1905.0
1544040294.62308,5200.0,0.0,132.0,3.0,2.0,56.0,0.0,7.0,19.0,9.0,16.0,14.0,1040.0,840.0,1905.0
1544040294.72355,5200.0,0.0,132.0,3.0,2.0,56.0,0.0,7.0,19.0,9.0,16.0,15.0,1040.0,840.0,1905.0
1544040294.824017,5200.0,0.0,132.0,3.0,2.0,56.0,0.0,7.0,18.0,9.0,15.0,15.0,1040.0,840.0,1905.0
1544040294.924493,5200.0,0.0,132.0,3.0,2.0,56.0,0.0,7.0,19.0,10.0,16.0,14.0,1040.0,840.0,1905.0
1544040295.024955,5200.0,0.0,132.0,3.0,2.0,56.0,0.0,7.0,18.0,8.0,16.0,13.0,1040.0,840.0,1905.0
1544040295.125416,5200.0,0.0,132.0,3.0,2.0,56.0,0.0,7.0,19.0,10.0,16.0,15.0,1040.0,840.0,1905.0
1544040295.326644,5200.0,0.0,132.0,3.0,2.0,56.0,0.0,7.0,19.0,10.0,16.0,15.0,1040.0,840.0,1905.0
1544040295.4271,5200.0,0.0,132.0,3.0,2.0,56.0,0.0,7.0,20.0,10.0,16.0,16.0,1040.0,840.0,1905.0
1544040295.527563,5200.0,0.0,132.0,3.0,2.0,56.0,0.0,7.0,19.0,9.0,16.0,15.0,1040.0,840.0,1905.0
1544040295.628032,5200.0,0.0,132.0,3.0,2.0,56.0,0.0,7.0,19.0,10.0,16.0,14.0,1040.0,840.0,1905.0
1544040295.728481,5200.0,0.0,132.0,3.0,2.0,56.0,0.0,7.0,19.0,10.0,16.0,15.0,1040.0,840.0,1905.0
1544040295.828958,5200.0,0.0,132.0,3.0,2.0,56.0,0.0,7.0,18.0,10.0,16.0,14.0,1040.0,840.0,1905.0
1544040295.929408,5200.0,0.0,132.0,3.0,2.0,56.0,0.0,7.0,19.0,9.0,16.0,15.0,1040.0,840.0,1905.0
1544040296.029873,5200.0,0.0,132.0,3.0,2.0,56.0,0.0,7.0,19.0,9.0,16.0,15.0,1040.0,840.0,1905.0
1544040296.130343,5200.0,0.0,132.0,3.0,2.0,56.0,0.0,7.0,18.0,9.0,15.0,15.0,1040.0,840.0,1905.0
1544040296.230806,5200.0,0.0,132.0,3.0,2.0,56.0,0.0,7.0,19.0,9.0,16.0,15.0,1040.0,840.0,1905.0
1544040296.331273,5200.0,0.0,132.0,3.0,2.0,56.0,0.0,7.0,19.0,9.0,16.0,15.0,1040.0,840.0,1905.0
1544040296.431741,5200.0,0.0,132.0,3.0,2.0,56.0,0.0,7.0,19.0,8.0,16.0,15.0,1040.0,840.0,1905.0
1544040296.532197,5200.0,0.0,132.0,3.0,2.0,56.0,0.0,7.0,19.0,9.0,15.0,15.0,1040.0,840.0,1905.0
1544040296.632816,5200.0,0.0,132.0,3.0,2.0,56.0,0.0,7.0,18.0,7.0,15.0,14.0,1040.0,840.0,1905.0
1544040296.733286,5200.0,0.0,132.0,3.0,2.0,56.0,0.0,7.0,19.0,8.0,16.0,15.0,1040.0,840.0,1905.0
1544040296.833745,5200.0,0.0,132.0,3.0,2.0,56.0,0.0,7.0,19.0,9.0,16.0,15.0,1040.0,840.0,1905.0
1544040296.934219,5200.0,0.0,132.0,3.0,2.0,56.0,0.0,7.0,19.0,9.0,15.0,15.0,1040.0,840.0,1905.0
1544040297.034687,5200.0,0.0,132.0,3.0,2.0,56.0,0.0,7.0,19.0,9.0,16.0,15.0,1040.0,840.0,1905.0
1544040297.235738,5200.0,0.0,132.0,3.0,2.0,56.0,0.0,7.0,19.0,9.0,16.0,14.0,1040.0,840.0,1905.0
1544040297.336211,5200.0,0.0,132.0,3.0,2.0,56.0,0.0,7.0,18.0,10.0,15.0,14.0,1040.0,840.0,1905.0
1544040297.43672,5200.0,0.0,132.0,3.0,2.0,56.0,0.0,7.0,18.0,9.0,16.0,14.0,1040.0,840.0,1905.0
1544040297.53714,5200.0,0.0,132.0,3.0,2.0,56.0,0.0,7.0,19.0,10.0,15.0,15.0,1040.0,840.0,1905.0
1544040297.638447,5200.0,0.0,132.0,3.0,2.0,56.0,0.0,7.0,19.0,8.0,16.0,15.0,1040.0,840.0,1905.0
1544040297.738938,5200.0,0.0,132.0,3.0,2.0,56.0,0.0,7.0,19.0,10.0,16.0,15.0,1040.0,840.0,1905.0
1544040297.83939,5200.0,0.0,132.0,3.0,2.0,56.0,0.0,7.0,19.0,9.0,16.0,15.0,1040.0,840.0,1905.0
1544040297.939871,5200.0,0.0,132.0,3.0,2.0,56.0,0.0,7.0,19.0,9.0,16.0,15.0,1040.0,840.0,1905.0
1544040298.040323,5200.0,0.0,132.0,3.0,2.0,56.0,0.0,7.0,18.0,9.0,16.0,14.0,1040.0,840.0,1905.0
1544040298.140803,5200.0,0.0,132.0,3.0,2.0,56.0,0.0,7.0,18.0,9.0,15.0,14.0,1040.0,840.0,1905.0
1544040298.241271,5200.0,0.0,132.0,3.0,2.0,56.0,0.0,7.0,18.0,9.0,16.0,14.0,1040.0,840.0,1905.0
1544040298.341745,5200.0,0.0,132.0,3.0,2.0,56.0,0.0,7.0,19.0,9.0,16.0,15.0,1040.0,840.0,1905.0
1544040298.44221,5200.0,0.0,132.0,3.0,2.0,56.0,0.0,7.0,19.0,10.0,16.0,15.0,1040.0,840.0,1905.0
1544040298.542906,5200.0,0.0,132.0,3.0,2.0,56.0,0.0,7.0,18.0,8.0,15.0,15.0,1040.0,840.0,1905.0
1544040298.643368,5200.0,0.0,132.0,3.0,2.0,56.0,0.0,7.0,19.0,9.0,16.0,15.0,1040.0,840.0,1905.0
1544040298.74454,5200.0,0.0,132.0,3.0,2.0,56.0,0.0,7.0,20.0,10.0,16.0,16.0,1040.0,840.0,1905.0
1544040298.844305,5200.0,0.0,132.0,3.0,2.0,56.0,0.0,7.0,19.0,10.0,15.0,15.0,1040.0,840.0,1905.0
1544040298.944768,5200.0,0.0,132.0,3.0,2.0,56.0,0.0,7.0,19.0,9.0,16.0,15.0,1040.0,840.0,1905.0
1544040299.145892,5200.0,0.0,132.0,3.0,2.0,56.0,0.0,7.0,18.0,9.0,15.0,15.0,1040.0,840.0,1905.0
1544040299.246363,5200.0,0.0,132.0,3.0,2.0,56.0,0.0,7.0,18.0,8.0,15.0,15.0,1040.0,840.0,1905.0
1544040299.346829,5200.0,0.0,132.0,3.0,2.0,56.0,0.0,7.0,19.0,9.0,16.0,15.0,1040.0,840.0,1905.0
1544040299.447282,5200.0,0.0,132.0,3.0,2.0,56.0,0.0,7.0,19.0,10.0,15.0,15.0,1040.0,840.0,1905.0
1544040299.547751,5200.0,0.0,132.0,3.0,2.0,56.0,0.0,7.0,18.0,9.0,16.0,14.0,1040.0,840.0,1905.0
1544040299.648209,5200.0,0.0,132.0,3.0,2.0,56.0,0.0,7.0,19.0,8.0,15.0,15.0,1040.0,840.0,1905.0
1544040299.748666,5200.0,0.0,132.0,3.0,2.0,56.0,0.0,7.0,18.0,9.0,15.0,14.0,1040.0,840.0,1905.0
1544040299.849131,5200.0,0.0,132.0,3.0,2.0,56.0,0.0,7.0,18.0,10.0,15.0,14.0,1040.0,840.0,1905.0
1544040299.950436,5200.0,0.0,132.0,3.0,2.0,56.0,0.0,7.0,19.0,10.0,16.0,15.0,1040.0,840.0,1905.0
1544040300.050901,5200.0,0.0,132.0,3.0,2.0,56.0,0.0,7.0,18.0,8.0,16.0,14.0,1040.0,840.0,1905.0
1544040300.151372,5200.0,0.0,132.0,3.0,2.0,56.0,0.0,7.0,19.0,9.0,16.0,14.0,1040.0,840.0,1905.0
1544040300.251831,5200.0,0.0,132.0,3.0,2.0,56.0,0.0,7.0,19.0,10.0,16.0,15.0,1040.0,840.0,1905.0
1544040300.352303,5200.0,0.0,132.0,3.0,2.0,56.0,0.0,7.0,19.0,9.0,15.0,15.0,1040.0,840.0,1905.0
1544040300.452932,5200.0,0.0,132.0,3.0,2.0,56.0,0.0,7.0,19.0,9.0,16.0,15.0,1040.0,840.0,1905.0
1544040300.553402,5200.0,0.0,132.0,3.0,2.0,56.0,0.0,7.0,19.0,9.0,16.0,15.0,1040.0,840.0,1905.0
1544040300.653864,5200.0,0.0,132.0,3.0,2.0,56.0,0.0,7.0,18.0,9.0,15.0,14.0,1040.0,840.0,1905.0
1544040300.754332,5200.0,0.0,132.0,3.0,2.0,56.0,0.0,7.0,19.0,10.0,16.0,15.0,1040.0,840.0,1905.0
1544040300.854804,5200.0,0.0,132.0,3.0,2.0,56.0,0.0,7.0,19.0,9.0,15.0,15.0,1040.0,840.0,1905.0
1544040301.055857,5200.0,0.0,132.0,3.0,2.0,56.0,0.0,7.0,19.0,10.0,15.0,15.0,1040.0,840.0,1905.0
1544040301.156319,5200.0,0.0,132.0,3.0,2.0,56.0,0.0,7.0,19.0,9.0,16.0,14.0,1040.0,840.0,1905.0
1544040301.256872,5200.0,0.0,132.0,3.0,2.0,56.0,0.0,7.0,19.0,9.0,15.0,15.0,1040.0,840.0,1905.0
1544040301.357263,5200.0,0.0,132.0,3.0,2.0,56.0,0.0,7.0,19.0,9.0,16.0,15.0,1040.0,840.0,1905.0
1544040301.457718,5200.0,0.0,132.0,3.0,2.0,56.0,0.0,7.0,18.0,9.0,16.0,14.0,1040.0,840.0,1905.0
1544040301.558192,5200.0,0.0,132.0,3.0,2.0,56.0,0.0,7.0,19.0,9.0,16.0,15.0,1040.0,840.0,1905.0
1544040301.658658,5200.0,0.0,132.0,3.0,2.0,56.0,0.0,7.0,19.0,8.0,16.0,15.0,1040.0,840.0,1905.0
1544040301.759119,5200.0,0.0,132.0,3.0,2.0,56.0,0.0,7.0,19.0,8.0,17.0,14.0,1040.0,840.0,1905.0
1544040301.859594,5200.0,0.0,132.0,3.0,2.0,56.0,0.0,7.0,19.0,10.0,16.0,14.0,1040.0,840.0,1905.0
1544040301.960044,5200.0,0.0,132.0,3.0,2.0,56.0,0.0,7.0,19.0,9.0,16.0,14.0,1040.0,840.0,1905.0
1544040302.060506,5200.0,0.0,132.0,3.0,2.0,56.0,0.0,7.0,19.0,8.0,17.0,15.0,1040.0,840.0,1905.0
1544040302.160973,5200.0,0.0,132.0,3.0,2.0,56.0,0.0,7.0,19.0,7.0,16.0,15.0,1040.0,840.0,1905.0
1544040302.261439,5200.0,0.0,132.0,3.0,2.0,56.0,0.0,7.0,19.0,9.0,15.0,15.0,1040.0,840.0,1905.0
1544040302.362813,5200.0,0.0,132.0,3.0,2.0,56.0,0.0,7.0,18.0,8.0,15.0,15.0,1040.0,840.0,1905.0
1544040302.463277,5200.0,0.0,132.0,3.0,2.0,56.0,0.0,7.0,19.0,9.0,16.0,15.0,1040.0,840.0,1905.0
1544040302.563752,5200.0,0.0,132.0,3.0,2.0,56.0,0.0,7.0,19.0,10.0,16.0,15.0,1040.0,840.0,1905.0
1544040302.664203,5200.0,0.0,132.0,3.0,2.0,56.0,0.0,7.0,19.0,10.0,17.0,15.0,1040.0,840.0,1905.0
1544040302.764663,5200.0,0.0,132.0,3.0,2.0,56.0,0.0,7.0,19.0,8.0,16.0,16.0,1040.0,840.0,1905.0
1544040302.965735,5200.0,0.0,132.0,3.0,2.0,56.0,0.0,7.0,19.0,10.0,15.0,15.0,1040.0,840.0,1905.0
1544040303.066198,5200.0,0.0,132.0,3.0,2.0,56.0,0.0,7.0,20.0,10.0,16.0,16.0,1040.0,840.0,1905.0
1544040303.166695,5200.0,0.0,132.0,3.0,2.0,56.0,0.0,7.0,19.0,10.0,16.0,15.0,1040.0,840.0,1905.0
1544040303.267129,5200.0,0.0,132.0,3.0,2.0,56.0,0.0,7.0,19.0,9.0,16.0,14.0,1040.0,840.0,1905.0
1544040303.367595,5200.0,0.0,132.0,3.0,2.0,56.0,0.0,7.0,19.0,8.0,16.0,15.0,1040.0,840.0,1905.0
1544040303.468049,5200.0,0.0,132.0,3.0,2.0,56.0,0.0,7.0,19.0,9.0,16.0,14.0,1040.0,840.0,1905.0
1544040303.56851,5200.0,0.0,132.0,3.0,2.0,56.0,0.0,7.0,19.0,9.0,16.0,15.0,1040.0,840.0,1905.0
1544040303.66898,5200.0,0.0,132.0,3.0,2.0,56.0,0.0,7.0,18.0,9.0,16.0,14.0,1040.0,840.0,1905.0
1544040303.769454,5200.0,0.0,132.0,3.0,2.0,56.0,0.0,7.0,19.0,11.0,16.0,15.0,1040.0,840.0,1905.0
1544040303.869913,5200.0,0.0,132.0,3.0,2.0,56.0,0.0,7.0,19.0,9.0,16.0,15.0,1040.0,840.0,1905.0
1544040303.970384,5200.0,0.0,132.0,3.0,2.0,56.0,0.0,7.0,19.0,9.0,15.0,15.0,1040.0,840.0,1905.0
1544040304.070834,5200.0,0.0,132.0,3.0,2.0,56.0,0.0,7.0,19.0,9.0,16.0,15.0,1040.0,840.0,1905.0
1544040304.171488,5200.0,0.0,132.0,3.0,2.0,56.0,0.0,7.0,18.0,9.0,16.0,14.0,1040.0,840.0,1905.0
