1544048867.034059,5200.0,0.0,130.0,3.0,2.0,56.0,0.0,7.0,9.0,2.0,4.0,6.0,1040.0,840.0,1905.0
1544048867.133921,5200.0,0.0,130.0,3.0,2.0,56.0,0.0,7.0,10.0,3.0,7.0,5.0,1040.0,840.0,1905.0
1544048867.23438,5200.0,0.0,130.0,3.0,2.0,56.0,0.0,7.0,11.0,3.0,7.0,7.0,1040.0,840.0,1905.0
1544048867.334833,5200.0,0.0,130.0,3.0,2.0,56.0,0.0,7.0,11.0,3.0,8.0,4.0,1040.0,840.0,1905.0
1544048867.536636,5200.0,0.0,130.0,3.0,2.0,56.0,0.0,7.0,11.0,3.0,8.0,6.0,1040.0,840.0,1905.0
1544048867.636377,5200.0,0.0,130.0,3.0,2.0,56.0,0.0,7.0,10.0,1.0,7.0,6.0,1040.0,840.0,1905.0
1544048867.736866,5200.0,0.0,130.0,3.0,2.0,56.0,0.0,7.0,10.0,4.0,7.0,5.0,1040.0,840.0,1905.0
1544048867.837956,5200.0,0.0,130.0,3.0,2.0,56.0,0.0,7.0,10.0,3.0,7.0,6.0,1040.0,840.0,1905.0
1544048867.937776,5200.0,0.0,130.0,3.0,2.0,56.0,0.0,7.0,9.0,2.0,6.0,4.0,1040.0,840.0,1905.0
1544048868.038225,5200.0,0.0,130.0,3.0,2.0,56.0,0.0,7.0,9.0,3.0,6.0,4.0,1040.0,840.0,1905.0
1544048868.138685,5200.0,0.0,130.0,3.0,2.0,56.0,0.0,7.0,10.0,2.0,7.0,5.0,1040.0,840.0,1905.0
1544048868.239148,5200.0,0.0,130.0,3.0,2.0,56.0,0.0,7.0,10.0,2.0,6.0,7.0,1040.0,840.0,1905.0
1544048868.343628,5200.0,0.0,130.0,3.0,2.0,56.0,0.0,7.0,10.0,2.0,6.0,6.0,1040.0,840.0,1905.0
1544048868.440088,5200.0,0.0,130.0,3.0,2.0,56.0,0.0,7.0,11.0,4.0,8.0,6.0,1040.0,840.0,1905.0
1544048868.540566,5200.0,0.0,130.0,3.0,2.0,56.0,0.0,7.0,9.0,3.0,5.0,4.0,1040.0,840.0,1905.0
1544048868.641899,5200.0,0.0,130.0,3.0,2.0,56.0,0.0,7.0,10.0,0.0,8.0,5.0,1040.0,840.0,1905.0
1544048868.742367,5200.0,0.0,130.0,3.0,2.0,56.0,0.0,7.0,9.0,2.0,6.0,5.0,1040.0,840.0,1905.0
1544048868.842832,5200.0,0.0,130.0,3.0,2.0,56.0,0.0,7.0,10.0,4.0,7.0,3.0,1040.0,840.0,1905.0
1544048868.943311,5200.0,0.0,130.0,3.0,2.0,56.0,0.0,7.0,9.0,254.0,5.0,6.0,1040.0,840.0,1905.0
1544048868.944817,5200.0,0.0,130.0,3.0,2.0,56.0,0.0,7.0,10.0,4.0,6.0,6.0,1040.0,840.0,1905.0
1544048869.04376,5200.0,0.0,130.0,3.0,2.0,56.0,0.0,7.0,10.0,0.0,8.0,6.0,1040.0,840.0,1905.0
1544048869.144222,5200.0,0.0,130.0,3.0,2.0,56.0,0.0,7.0,10.0,4.0,6.0,6.0,1040.0,840.0,1905.0
1544048869.244683,5200.0,0.0,130.0,3.0,2.0,56.0,0.0,7.0,11.0,5.0,8.0,4.0,1040.0,840.0,1905.0
1544048869.446546,5200.0,0.0,130.0,3.0,2.0,56.0,0.0,7.0,11.0,4.0,8.0,6.0,1040.0,840.0,1905.0
1544048869.546259,5200.0,0.0,130.0,3.0,2.0,56.0,0.0,7.0,10.0,3.0,6.0,5.0,1040.0,840.0,1905.0
1544048869.646758,5200.0,0.0,130.0,3.0,2.0,56.0,0.0,7.0,12.0,5.0,8.0,7.0,1040.0,840.0,1905.0
1544048869.747173,5200.0,0.0,130.0,3.0,2.0,56.0,0.0,7.0,10.0,2.0,6.0,5.0,1040.0,840.0,1905.0
1544048869.848187,5200.0,0.0,130.0,3.0,2.0,56.0,0.0,7.0,10.0,2.0,7.0,5.0,1040.0,840.0,1905.0
1544048869.948695,5200.0,0.0,130.0,3.0,2.0,56.0,0.0,7.0,10.0,2.0,6.0,6.0,1040.0,840.0,1905.0
1544048870.651389,5200.0,0.0,130.0,3.0,2.0,56.0,0.0,7.0,10.0,2.0,6.0,7.0,1040.0,840.0,1905.0
1544048870.75185,5200.0,0.0,130.0,3.0,2.0,56.0,0.0,7.0,10.0,1.0,7.0,6.0,1040.0,840.0,1905.0
1544048870.852309,5200.0,0.0,130.0,3.0,2.0,56.0,0.0,7.0,10.0,1.0,8.0,4.0,1040.0,840.0,1905.0
1544048870.952777,5200.0,0.0,130.0,3.0,2.0,56.0,0.0,7.0,9.0,1.0,5.0,6.0,1040.0,840.0,1905.0
1544048871.053274,5200.0,0.0,130.0,3.0,2.0,56.0,0.0,7.0,9.0,0.0,5.0,6.0,1040.0,840.0,1905.0
1544048871.153751,5200.0,0.0,130.0,3.0,2.0,56.0,0.0,7.0,10.0,3.0,6.0,6.0,1040.0,840.0,1905.0
1544048871.354813,5200.0,0.0,130.0,3.0,2.0,56.0,0.0,7.0,10.0,2.0,7.0,5.0,1040.0,840.0,1905.0
1544048871.455341,5200.0,0.0,130.0,3.0,2.0,56.0,0.0,7.0,9.0,2.0,5.0,5.0,1040.0,840.0,1905.0
1544048871.457631,5200.0,0.0,130.0,3.0,2.0,56.0,0.0,7.0,10.0,3.0,7.0,6.0,1040.0,840.0,1905.0
1544048871.557186,5200.0,0.0,130.0,3.0,2.0,56.0,0.0,7.0,11.0,3.0,7.0,6.0,1040.0,840.0,1905.0
1544048871.656979,5200.0,0.0,130.0,3.0,2.0,56.0,0.0,7.0,10.0,2.0,7.0,5.0,1040.0,840.0,1905.0
1544048871.756718,5200.0,0.0,130.0,3.0,2.0,56.0,0.0,7.0,10.0,2.0,7.0,6.0,1040.0,840.0,1905.0
1544048871.857626,5200.0,0.0,130.0,3.0,2.0,56.0,0.0,7.0,9.0,2.0,5.0,5.0,1040.0,840.0,1905.0
1544048871.957692,5200.0,0.0,130.0,3.0,2.0,56.0,0.0,7.0,10.0,0.0,7.0,5.0,1040.0,840.0,1905.0
1544048872.058149,5200.0,0.0,130.0,3.0,2.0,56.0,0.0,7.0,10.0,0.0,8.0,4.0,1040.0,840.0,1905.0
1544048872.158614,5200.0,0.0,130.0,3.0,2.0,56.0,0.0,7.0,11.0,4.0,8.0,7.0,1040.0,840.0,1905.0
1544048872.259071,5200.0,0.0,130.0,3.0,2.0,56.0,0.0,7.0,11.0,1.0,7.0,7.0,1040.0,840.0,1905.0
1544048872.359532,5200.0,0.0,130.0,3.0,2.0,56.0,0.0,7.0,10.0,2.0,7.0,4.0,1040.0,840.0,1905.0
1544048872.459999,5200.0,0.0,130.0,3.0,2.0,56.0,0.0,7.0,10.0,2.0,7.0,5.0,1040.0,840.0,1905.0
1544048872.560468,5200.0,0.0,130.0,3.0,2.0,56.0,0.0,7.0,10.0,2.0,7.0,5.0,1040.0,840.0,1905.0
1544048872.66092,5200.0,0.0,130.0,3.0,2.0,56.0,0.0,7.0,10.0,2.0,7.0,6.0,1040.0,840.0,1905.0
1544048872.761365,5200.0,0.0,130.0,3.0,2.0,56.0,0.0,7.0,10.0,1.0,8.0,5.0,1040.0,840.0,1905.0
1544048872.861828,5200.0,0.0,130.0,3.0,2.0,56.0,0.0,7.0,11.0,3.0,8.0,6.0,1040.0,840.0,1905.0
1544048872.962303,5200.0,0.0,130.0,3.0,2.0,56.0,0.0,7.0,11.0,2.0,8.0,6.0,1040.0,840.0,1905.0
1544048873.062755,5200.0,0.0,130.0,3.0,2.0,56.0,0.0,7.0,11.0,2.0,7.0,7.0,1040.0,840.0,1905.0
1544048873.263814,5200.0,0.0,130.0,3.0,2.0,56.0,0.0,7.0,10.0,255.0,7.0,7.0,1040.0,840.0,1905.0
1544048873.364293,5200.0,0.0,130.0,3.0,2.0,56.0,0.0,7.0,9.0,2.0,5.0,5.0,1040.0,840.0,1905.0
1544048873.466282,5200.0,0.0,130.0,3.0,2.0,56.0,0.0,7.0,10.0,2.0,7.0,7.0,1040.0,840.0,1905.0
1544048873.566155,5200.0,0.0,130.0,3.0,2.0,56.0,0.0,7.0,9.0,2.0,6.0,5.0,1040.0,840.0,1905.0
1544048873.666676,5200.0,0.0,130.0,3.0,2.0,56.0,0.0,7.0,11.0,4.0,7.0,6.0,1040.0,840.0,1905.0
1544048873.767095,5200.0,0.0,130.0,3.0,2.0,56.0,0.0,7.0,9.0,2.0,5.0,5.0,1040.0,840.0,1905.0
1544048873.867551,5200.0,0.0,130.0,3.0,2.0,56.0,0.0,7.0,10.0,3.0,6.0,7.0,1040.0,840.0,1905.0
1544048873.968017,5200.0,0.0,130.0,3.0,2.0,56.0,0.0,7.0,11.0,1.0,7.0,7.0,1040.0,840.0,1905.0
1544048874.068944,5200.0,0.0,130.0,3.0,2.0,56.0,0.0,7.0,10.0,2.0,7.0,6.0,1040.0,840.0,1905.0
1544048874.168935,5200.0,0.0,130.0,3.0,2.0,56.0,0.0,7.0,10.0,1.0,7.0,6.0,1040.0,840.0,1905.0
1544048874.269387,5200.0,0.0,130.0,3.0,2.0,56.0,0.0,7.0,10.0,0.0,8.0,5.0,1040.0,840.0,1905.0
1544048874.369852,5200.0,0.0,130.0,3.0,2.0,56.0,0.0,7.0,10.0,2.0,7.0,6.0,1040.0,840.0,1905.0
1544048874.471248,5200.0,0.0,130.0,3.0,2.0,56.0,0.0,7.0,11.0,3.0,6.0,7.0,1040.0,840.0,1905.0
1544048874.570793,5200.0,0.0,130.0,3.0,2.0,56.0,0.0,7.0,10.0,2.0,6.0,5.0,1040.0,840.0,1905.0
1544048874.671243,5200.0,0.0,130.0,3.0,2.0,56.0,0.0,7.0,11.0,2.0,7.0,7.0,1040.0,840.0,1905.0
1544048874.771715,5200.0,0.0,130.0,3.0,2.0,56.0,0.0,7.0,9.0,255.0,7.0,5.0,1040.0,840.0,1905.0
1544048874.87218,5200.0,0.0,130.0,3.0,2.0,56.0,0.0,7.0,10.0,2.0,7.0,5.0,1040.0,840.0,1905.0
1544048874.97263,5200.0,0.0,130.0,3.0,2.0,56.0,0.0,7.0,10.0,1.0,7.0,7.0,1040.0,840.0,1905.0
1544048875.173688,5200.0,0.0,130.0,3.0,2.0,56.0,0.0,7.0,9.0,1.0,5.0,5.0,1040.0,840.0,1905.0
1544048875.274141,5200.0,0.0,130.0,3.0,2.0,56.0,0.0,7.0,9.0,1.0,5.0,6.0,1040.0,840.0,1905.0
1544048875.374607,5200.0,0.0,130.0,3.0,2.0,56.0,0.0,7.0,9.0,2.0,6.0,5.0,1040.0,840.0,1905.0
1544048875.475145,5200.0,0.0,130.0,3.0,2.0,56.0,0.0,7.0,9.0,0.0,6.0,6.0,1040.0,840.0,1905.0
1544048875.575605,5200.0,0.0,130.0,3.0,2.0,56.0,0.0,7.0,11.0,2.0,7.0,7.0,1040.0,840.0,1905.0
1544048875.676058,5200.0,0.0,130.0,3.0,2.0,56.0,0.0,7.0,11.0,5.0,9.0,5.0,1040.0,840.0,1905.0
1544048875.776572,5200.0,0.0,130.0,3.0,2.0,56.0,0.0,7.0,10.0,2.0,7.0,6.0,1040.0,840.0,1905.0
1544048875.880215,5200.0,0.0,130.0,3.0,2.0,56.0,0.0,7.0,11.0,3.0,7.0,7.0,1040.0,840.0,1905.0
1544048875.978341,5200.0,0.0,130.0,3.0,2.0,56.0,0.0,7.0,10.0,2.0,7.0,7.0,1040.0,840.0,1905.0
1544048876.079496,5200.0,0.0,130.0,3.0,2.0,56.0,0.0,7.0,10.0,2.0,6.0,6.0,1040.0,840.0,1905.0
1544048876.179266,5200.0,0.0,130.0,3.0,2.0,56.0,0.0,7.0,11.0,3.0,10.0,4.0,1040.0,840.0,1905.0
1544048876.27973,5200.0,0.0,130.0,3.0,2.0,56.0,0.0,7.0,9.0,255.0,5.0,7.0,1040.0,840.0,1905.0
1544048876.380195,5200.0,0.0,130.0,3.0,2.0,56.0,0.0,7.0,11.0,1.0,7.0,7.0,1040.0,840.0,1905.0
1544048876.480658,5200.0,0.0,130.0,3.0,2.0,56.0,0.0,7.0,11.0,1.0,7.0,7.0,1040.0,840.0,1905.0
1544048876.581127,5200.0,0.0,130.0,3.0,2.0,56.0,0.0,7.0,10.0,4.0,6.0,4.0,1040.0,840.0,1905.0
1544048876.681591,5200.0,0.0,130.0,3.0,2.0,56.0,0.0,7.0,10.0,3.0,7.0,6.0,1040.0,840.0,1905.0
1544048876.782056,5200.0,0.0,130.0,3.0,2.0,56.0,0.0,7.0,10.0,1.0,6.0,7.0,1040.0,840.0,1905.0
1544048876.882518,5200.0,0.0,130.0,3.0,2.0,56.0,0.0,7.0,10.0,3.0,7.0,6.0,1040.0,840.0,1905.0
1544048877.083467,5200.0,0.0,130.0,3.0,2.0,56.0,0.0,7.0,9.0,0.0,6.0,6.0,1040.0,840.0,1905.0
1544048877.183924,5200.0,0.0,130.0,3.0,2.0,56.0,0.0,7.0,10.0,2.0,8.0,4.0,1040.0,840.0,1905.0
1544048877.284409,5200.0,0.0,130.0,3.0,2.0,56.0,0.0,7.0,10.0,2.0,7.0,4.0,1040.0,840.0,1905.0
1544048877.385666,5200.0,0.0,130.0,3.0,2.0,56.0,0.0,7.0,9.0,2.0,6.0,5.0,1040.0,840.0,1905.0
1544048877.485434,5200.0,0.0,130.0,3.0,2.0,56.0,0.0,7.0,10.0,2.0,6.0,5.0,1040.0,840.0,1905.0
1544048877.585883,5200.0,0.0,130.0,3.0,2.0,56.0,0.0,7.0,10.0,3.0,7.0,5.0,1040.0,840.0,1905.0
1544048877.686462,5200.0,0.0,130.0,3.0,2.0,56.0,0.0,7.0,11.0,4.0,8.0,5.0,1040.0,840.0,1905.0
1544048877.788054,5200.0,0.0,130.0,3.0,2.0,56.0,0.0,7.0,11.0,3.0,8.0,6.0,1040.0,840.0,1905.0
1544048877.887941,5200.0,0.0,130.0,3.0,2.0,56.0,0.0,7.0,9.0,1.0,5.0,5.0,1040.0,840.0,1905.0
1544048877.987848,5200.0,0.0,130.0,3.0,2.0,56.0,0.0,7.0,10.0,1.0,5.0,7.0,1040.0,840.0,1905.0
1544048878.088283,5200.0,0.0,130.0,3.0,2.0,56.0,0.0,7.0,11.0,4.0,9.0,4.0,1040.0,840.0,1905.0
1544048878.189621,5200.0,0.0,130.0,3.0,2.0,56.0,0.0,7.0,11.0,3.0,8.0,6.0,1040.0,840.0,1905.0
1544048878.290832,5200.0,0.0,130.0,3.0,2.0,56.0,0.0,7.0,10.0,2.0,5.0,8.0,1040.0,840.0,1905.0
1544048878.390536,5200.0,0.0,130.0,3.0,2.0,56.0,0.0,7.0,10.0,0.0,7.0,6.0,1040.0,840.0,1905.0
1544048878.491008,5200.0,0.0,130.0,3.0,2.0,56.0,0.0,7.0,11.0,255.0,8.0,7.0,1040.0,840.0,1905.0
1544048878.591473,5200.0,0.0,130.0,3.0,2.0,56.0,0.0,7.0,11.0,3.0,7.0,7.0,1040.0,840.0,1905.0
1544048878.691925,5200.0,0.0,130.0,3.0,2.0,56.0,0.0,7.0,10.0,3.0,5.0,6.0,1040.0,840.0,1905.0
1544048878.792395,5200.0,0.0,130.0,3.0,2.0,56.0,0.0,7.0,9.0,0.0,6.0,4.0,1040.0,840.0,1905.0
1544048878.993448,5200.0,0.0,130.0,3.0,2.0,56.0,0.0,7.0,10.0,4.0,7.0,5.0,1040.0,840.0,1905.0
1544048879.093906,5200.0,0.0,130.0,3.0,2.0,56.0,0.0,7.0,9.0,2.0,5.0,4.0,1040.0,840.0,1905.0
1544048879.194376,5200.0,0.0,130.0,3.0,2.0,56.0,0.0,7.0,10.0,1.0,7.0,6.0,1040.0,840.0,1905.0
1544048879.296282,5200.0,0.0,130.0,3.0,2.0,56.0,0.0,7.0,11.0,4.0,7.0,7.0,1040.0,840.0,1905.0
1544048879.395363,5200.0,0.0,130.0,3.0,2.0,56.0,0.0,7.0,10.0,0.0,6.0,7.0,1040.0,840.0,1905.0
1544048879.495818,5200.0,0.0,130.0,3.0,2.0,56.0,0.0,7.0,10.0,2.0,7.0,5.0,1040.0,840.0,1905.0
1544048879.596775,5200.0,0.0,130.0,3.0,2.0,56.0,0.0,7.0,9.0,3.0,4.0,6.0,1040.0,840.0,1905.0
1544048879.696794,5200.0,0.0,130.0,3.0,2.0,56.0,0.0,7.0,11.0,2.0,8.0,6.0,1040.0,840.0,1905.0
1544048879.797216,5200.0,0.0,130.0,3.0,2.0,56.0,0.0,7.0,10.0,1.0,6.0,6.0,1040.0,840.0,1905.0
1544048879.897676,5200.0,0.0,130.0,3.0,2.0,56.0,0.0,7.0,11.0,3.0,7.0,6.0,1040.0,840.0,1905.0
1544048879.998138,5200.0,0.0,130.0,3.0,2.0,56.0,0.0,7.0,10.0,2.0,6.0,6.0,1040.0,840.0,1905.0
1544048880.098598,5200.0,0.0,130.0,3.0,2.0,56.0,0.0,7.0,10.0,3.0,6.0,6.0,1040.0,840.0,1905.0
1544048880.199544,5200.0,0.0,130.0,3.0,2.0,56.0,0.0,7.0,10.0,3.0,6.0,7.0,1040.0,840.0,1905.0
1544048880.299516,5200.0,0.0,130.0,3.0,2.0,56.0,0.0,7.0,10.0,2.0,6.0,6.0,1040.0,840.0,1905.0
1544048880.399984,5200.0,0.0,130.0,3.0,2.0,56.0,0.0,7.0,11.0,3.0,8.0,5.0,1040.0,840.0,1905.0
1544048880.500451,5200.0,0.0,130.0,3.0,2.0,56.0,0.0,7.0,12.0,4.0,9.0,7.0,1040.0,840.0,1905.0
1544048880.601767,5200.0,0.0,130.0,3.0,2.0,56.0,0.0,7.0,11.0,2.0,7.0,7.0,1040.0,840.0,1905.0
1544048880.702245,5200.0,0.0,130.0,3.0,2.0,56.0,0.0,7.0,11.0,5.0,6.0,7.0,1040.0,840.0,1905.0
1544048880.802685,5200.0,0.0,130.0,3.0,2.0,56.0,0.0,7.0,10.0,2.0,6.0,7.0,1040.0,840.0,1905.0
1544048880.903145,5200.0,0.0,130.0,3.0,2.0,56.0,0.0,7.0,10.0,2.0,7.0,6.0,1040.0,840.0,1905.0
1544048881.003615,5200.0,0.0,130.0,3.0,2.0,56.0,0.0,7.0,10.0,3.0,7.0,6.0,1040.0,840.0,1905.0
1544048881.104082,5200.0,0.0,130.0,3.0,2.0,56.0,0.0,7.0,10.0,3.0,6.0,6.0,1040.0,840.0,1905.0
1544048881.205224,5200.0,0.0,130.0,3.0,2.0,56.0,0.0,7.0,10.0,2.0,6.0,7.0,1040.0,840.0,1905.0
1544048881.305028,5200.0,0.0,130.0,3.0,2.0,56.0,0.0,7.0,10.0,2.0,7.0,5.0,1040.0,840.0,1905.0
1544048881.506108,5200.0,0.0,130.0,3.0,2.0,56.0,0.0,7.0,11.0,3.0,7.0,6.0,1040.0,840.0,1905.0
1544048881.606633,5200.0,0.0,130.0,3.0,2.0,56.0,0.0,7.0,11.0,0.0,8.0,7.0,1040.0,840.0,1905.0
1544048881.70703,5200.0,0.0,130.0,3.0,2.0,56.0,0.0,7.0,9.0,1.0,6.0,5.0,1040.0,840.0,1905.0
1544048881.708978,5200.0,0.0,130.0,3.0,2.0,56.0,0.0,7.0,10.0,3.0,8.0,5.0,1040.0,840.0,1905.0
1544048881.807503,5200.0,0.0,130.0,3.0,2.0,56.0,0.0,7.0,8.0,2.0,3.0,5.0,1040.0,840.0,1905.0
1544048881.90796,5200.0,0.0,130.0,3.0,2.0,56.0,0.0,7.0,10.0,2.0,7.0,5.0,1040.0,840.0,1905.0
1544048882.008431,5200.0,0.0,130.0,3.0,2.0,56.0,0.0,7.0,10.0,1.0,7.0,5.0,1040.0,840.0,1905.0
1544048882.108893,5200.0,0.0,130.0,3.0,2.0,56.0,0.0,7.0,10.0,5.0,5.0,6.0,1040.0,840.0,1905.0
1544048882.209369,5200.0,0.0,130.0,3.0,2.0,56.0,0.0,7.0,11.0,5.0,7.0,6.0,1040.0,840.0,1905.0
1544048882.309826,5200.0,0.0,130.0,3.0,2.0,56.0,0.0,7.0,11.0,2.0,8.0,6.0,1040.0,840.0,1905.0
1544048882.410846,5200.0,0.0,130.0,3.0,2.0,56.0,0.0,7.0,11.0,2.0,9.0,5.0,1040.0,840.0,1905.0
1544048882.510762,5200.0,0.0,130.0,3.0,2.0,56.0,0.0,7.0,10.0,1.0,8.0,5.0,1040.0,840.0,1905.0
1544048882.611231,5200.0,0.0,130.0,3.0,2.0,56.0,0.0,7.0,10.0,3.0,7.0,6.0,1040.0,840.0,1905.0
1544048882.613184,5200.0,0.0,130.0,3.0,2.0,56.0,0.0,7.0,11.0,3.0,8.0,7.0,1040.0,840.0,1905.0
1544048882.711686,5200.0,0.0,130.0,3.0,2.0,56.0,0.0,7.0,9.0,3.0,4.0,5.0,1040.0,840.0,1905.0
1544048882.812152,5200.0,0.0,130.0,3.0,2.0,56.0,0.0,7.0,10.0,3.0,6.0,6.0,1040.0,840.0,1905.0
1544048882.913462,5200.0,0.0,130.0,3.0,2.0,56.0,0.0,7.0,10.0,2.0,6.0,6.0,1040.0,840.0,1905.0
1544048883.013949,5200.0,0.0,130.0,3.0,2.0,56.0,0.0,7.0,11.0,2.0,7.0,8.0,1040.0,840.0,1905.0
1544048883.114415,5200.0,0.0,130.0,3.0,2.0,56.0,0.0,7.0,10.0,3.0,7.0,5.0,1040.0,840.0,1905.0
1544048883.21486,5200.0,0.0,130.0,3.0,2.0,56.0,0.0,7.0,10.0,3.0,6.0,5.0,1040.0,840.0,1905.0
1544048883.415967,5200.0,0.0,130.0,3.0,2.0,56.0,0.0,7.0,10.0,3.0,6.0,6.0,1040.0,840.0,1905.0
1544048883.516443,5200.0,0.0,130.0,3.0,2.0,56.0,0.0,7.0,10.0,1.0,7.0,6.0,1040.0,840.0,1905.0
1544048883.616906,5200.0,0.0,130.0,3.0,2.0,56.0,0.0,7.0,9.0,1.0,5.0,4.0,1040.0,840.0,1905.0
1544048883.717937,5200.0,0.0,130.0,3.0,2.0,56.0,0.0,7.0,11.0,2.0,8.0,6.0,1040.0,840.0,1905.0
1544048883.817857,5200.0,0.0,130.0,3.0,2.0,56.0,0.0,7.0,9.0,2.0,6.0,5.0,1040.0,840.0,1905.0
1544048883.918309,5200.0,0.0,130.0,3.0,2.0,56.0,0.0,7.0,11.0,5.0,7.0,5.0,1040.0,840.0,1905.0
1544048884.01879,5200.0,0.0,130.0,3.0,2.0,56.0,0.0,7.0,11.0,4.0,8.0,5.0,1040.0,840.0,1905.0
1544048884.119245,5200.0,0.0,130.0,3.0,2.0,56.0,0.0,7.0,10.0,2.0,8.0,5.0,1040.0,840.0,1905.0
1544048884.219704,5200.0,0.0,130.0,3.0,2.0,56.0,0.0,7.0,10.0,1.0,7.0,5.0,1040.0,840.0,1905.0
1544048884.320194,5200.0,0.0,130.0,3.0,2.0,56.0,0.0,7.0,10.0,3.0,6.0,6.0,1040.0,840.0,1905.0
1544048884.420661,5200.0,0.0,130.0,3.0,2.0,56.0,0.0,7.0,11.0,3.0,7.0,6.0,1040.0,840.0,1905.0
1544048884.422634,5200.0,0.0,130.0,3.0,2.0,56.0,0.0,7.0,10.0,2.0,8.0,4.0,1040.0,840.0,1905.0
1544048884.52112,5200.0,0.0,130.0,3.0,2.0,56.0,0.0,7.0,10.0,2.0,6.0,6.0,1040.0,840.0,1905.0
1544048884.6216,5200.0,0.0,130.0,3.0,2.0,56.0,0.0,7.0,10.0,4.0,6.0,5.0,1040.0,840.0,1905.0
1544048884.722059,5200.0,0.0,130.0,3.0,2.0,56.0,0.0,7.0,10.0,2.0,7.0,5.0,1040.0,840.0,1905.0
1544048884.82255,5200.0,0.0,130.0,3.0,2.0,56.0,0.0,7.0,11.0,4.0,6.0,7.0,1040.0,840.0,1905.0
1544048884.923021,5200.0,0.0,130.0,3.0,2.0,56.0,0.0,7.0,11.0,2.0,6.0,8.0,1040.0,840.0,1905.0
1544048885.023488,5200.0,0.0,130.0,3.0,2.0,56.0,0.0,7.0,11.0,1.0,9.0,7.0,1040.0,840.0,1905.0
1544048885.123949,5200.0,0.0,130.0,3.0,2.0,56.0,0.0,7.0,11.0,4.0,6.0,7.0,1040.0,840.0,1905.0
1544048885.326272,5200.0,0.0,130.0,3.0,2.0,56.0,0.0,7.0,11.0,3.0,8.0,6.0,1040.0,840.0,1905.0
1544048885.426246,5200.0,0.0,130.0,3.0,2.0,56.0,0.0,7.0,10.0,0.0,5.0,7.0,1040.0,840.0,1905.0
1544048885.526777,5200.0,0.0,130.0,3.0,2.0,56.0,0.0,7.0,11.0,5.0,8.0,6.0,1040.0,840.0,1905.0
1544048885.627197,5200.0,0.0,130.0,3.0,2.0,56.0,0.0,7.0,10.0,3.0,6.0,6.0,1040.0,840.0,1905.0
1544048885.727666,5200.0,0.0,130.0,3.0,2.0,56.0,0.0,7.0,9.0,1.0,6.0,5.0,1040.0,840.0,1905.0
1544048885.828773,5200.0,0.0,130.0,3.0,2.0,56.0,0.0,7.0,9.0,3.0,5.0,5.0,1040.0,840.0,1905.0
1544048885.928618,5200.0,0.0,130.0,3.0,2.0,56.0,0.0,7.0,10.0,4.0,7.0,5.0,1040.0,840.0,1905.0
1544048886.029093,5200.0,0.0,130.0,3.0,2.0,56.0,0.0,7.0,10.0,2.0,6.0,6.0,1040.0,840.0,1905.0
1544048886.129554,5200.0,0.0,130.0,3.0,2.0,56.0,0.0,7.0,11.0,1.0,8.0,7.0,1040.0,840.0,1905.0
1544048886.230016,5200.0,0.0,130.0,3.0,2.0,56.0,0.0,7.0,10.0,2.0,6.0,6.0,1040.0,840.0,1905.0
1544048886.330488,5200.0,0.0,130.0,3.0,2.0,56.0,0.0,7.0,9.0,1.0,5.0,6.0,1040.0,840.0,1905.0
1544048886.430965,5200.0,0.0,130.0,3.0,2.0,56.0,0.0,7.0,10.0,2.0,6.0,6.0,1040.0,840.0,1905.0
1544048886.531437,5200.0,0.0,130.0,3.0,2.0,56.0,0.0,7.0,11.0,2.0,7.0,7.0,1040.0,840.0,1905.0
1544048886.63192,5200.0,0.0,130.0,3.0,2.0,56.0,0.0,7.0,11.0,2.0,9.0,5.0,1040.0,840.0,1905.0
1544048886.732391,5200.0,0.0,130.0,3.0,2.0,56.0,0.0,7.0,9.0,0.0,6.0,5.0,1040.0,840.0,1905.0
1544048886.832864,5200.0,0.0,130.0,3.0,2.0,56.0,0.0,7.0,10.0,4.0,7.0,3.0,1040.0,840.0,1905.0
1544048886.933318,5200.0,0.0,130.0,3.0,2.0,56.0,0.0,7.0,9.0,3.0,6.0,4.0,1040.0,840.0,1905.0
1544048887.035204,5200.0,0.0,130.0,3.0,2.0,56.0,0.0,7.0,11.0,2.0,7.0,7.0,1040.0,840.0,1905.0
1544048887.234861,5200.0,0.0,130.0,3.0,2.0,56.0,0.0,7.0,11.0,2.0,9.0,6.0,1040.0,840.0,1905.0
1544048887.335399,5200.0,0.0,130.0,3.0,2.0,56.0,0.0,7.0,9.0,1.0,6.0,5.0,1040.0,840.0,1905.0
1544048887.436443,5200.0,0.0,130.0,3.0,2.0,56.0,0.0,7.0,10.0,2.0,7.0,4.0,1040.0,840.0,1905.0
1544048887.536837,5200.0,0.0,130.0,3.0,2.0,56.0,0.0,7.0,10.0,4.0,6.0,6.0,1040.0,840.0,1905.0
1544048887.636861,5200.0,0.0,130.0,3.0,2.0,56.0,0.0,7.0,10.0,3.0,7.0,5.0,1040.0,840.0,1905.0
1544048887.737331,5200.0,0.0,130.0,3.0,2.0,56.0,0.0,7.0,10.0,1.0,7.0,5.0,1040.0,840.0,1905.0
1544048887.837912,5200.0,0.0,130.0,3.0,2.0,56.0,0.0,7.0,9.0,1.0,6.0,6.0,1040.0,840.0,1905.0
1544048887.938511,5200.0,0.0,130.0,3.0,2.0,56.0,0.0,7.0,10.0,255.0,7.0,5.0,1040.0,840.0,1905.0
1544048888.038984,5200.0,0.0,130.0,3.0,2.0,56.0,0.0,7.0,11.0,3.0,8.0,6.0,1040.0,840.0,1905.0
1544048888.139457,5200.0,0.0,130.0,3.0,2.0,56.0,0.0,7.0,10.0,1.0,7.0,5.0,1040.0,840.0,1905.0
1544048888.240584,5200.0,0.0,130.0,3.0,2.0,56.0,0.0,7.0,10.0,2.0,5.0,6.0,1040.0,840.0,1905.0
1544048888.340414,5200.0,0.0,130.0,3.0,2.0,56.0,0.0,7.0,11.0,3.0,7.0,7.0,1040.0,840.0,1905.0
1544048888.440902,5200.0,0.0,130.0,3.0,2.0,56.0,0.0,7.0,10.0,2.0,7.0,5.0,1040.0,840.0,1905.0
1544048888.541361,5200.0,0.0,130.0,3.0,2.0,56.0,0.0,7.0,9.0,1.0,6.0,4.0,1040.0,840.0,1905.0
1544048888.641845,5200.0,0.0,130.0,3.0,2.0,56.0,0.0,7.0,10.0,1.0,6.0,6.0,1040.0,840.0,1905.0
1544048888.742316,5200.0,0.0,130.0,3.0,2.0,56.0,0.0,7.0,10.0,255.0,6.0,7.0,1040.0,840.0,1905.0
1544048888.844612,5200.0,0.0,130.0,3.0,2.0,56.0,0.0,7.0,11.0,3.0,8.0,6.0,1040.0,840.0,1905.0
1544048888.943256,5200.0,0.0,130.0,3.0,2.0,56.0,0.0,7.0,10.0,2.0,6.0,6.0,1040.0,840.0,1905.0
1544048889.144334,5200.0,0.0,130.0,3.0,2.0,56.0,0.0,7.0,9.0,2.0,6.0,6.0,1040.0,840.0,1905.0
1544048889.244793,5200.0,0.0,130.0,3.0,2.0,56.0,0.0,7.0,10.0,2.0,7.0,6.0,1040.0,840.0,1905.0
1544048889.345323,5200.0,0.0,130.0,3.0,2.0,56.0,0.0,7.0,9.0,1.0,4.0,5.0,1040.0,840.0,1905.0
1544048889.447968,5200.0,0.0,130.0,3.0,2.0,56.0,0.0,7.0,10.0,3.0,7.0,5.0,1040.0,840.0,1905.0
1544048889.547008,5200.0,0.0,130.0,3.0,2.0,56.0,0.0,7.0,11.0,3.0,8.0,6.0,1040.0,840.0,1905.0
1544048889.646748,5200.0,0.0,130.0,3.0,2.0,56.0,0.0,7.0,9.0,1.0,5.0,6.0,1040.0,840.0,1905.0
1544048889.747219,5200.0,0.0,130.0,3.0,2.0,56.0,0.0,7.0,10.0,0.0,6.0,6.0,1040.0,840.0,1905.0
1544048889.847681,5200.0,0.0,130.0,3.0,2.0,56.0,0.0,7.0,10.0,1.0,6.0,7.0,1040.0,840.0,1905.0
1544048889.949232,5200.0,0.0,130.0,3.0,2.0,56.0,0.0,7.0,10.0,255.0,7.0,6.0,1040.0,840.0,1905.0
1544048890.049345,5200.0,0.0,130.0,3.0,2.0,56.0,0.0,7.0,11.0,1.0,7.0,7.0,1040.0,840.0,1905.0
1544048890.149801,5200.0,0.0,130.0,3.0,2.0,56.0,0.0,7.0,9.0,2.0,5.0,5.0,1040.0,840.0,1905.0
1544048890.25095,5200.0,0.0,130.0,3.0,2.0,56.0,0.0,7.0,10.0,5.0,7.0,4.0,1040.0,840.0,1905.0
1544048890.35087,5200.0,0.0,130.0,3.0,2.0,56.0,0.0,7.0,11.0,2.0,8.0,7.0,1040.0,840.0,1905.0
1544048890.451355,5200.0,0.0,130.0,3.0,2.0,56.0,0.0,7.0,9.0,3.0,5.0,6.0,1040.0,840.0,1905.0
1544048890.552432,5200.0,0.0,130.0,3.0,2.0,56.0,0.0,7.0,11.0,3.0,6.0,7.0,1040.0,840.0,1905.0
1544048890.652281,5200.0,0.0,130.0,3.0,2.0,56.0,0.0,7.0,10.0,3.0,7.0,6.0,1040.0,840.0,1905.0
1544048890.752751,5200.0,0.0,130.0,3.0,2.0,56.0,0.0,7.0,11.0,3.0,8.0,5.0,1040.0,840.0,1905.0
1544048890.853237,5200.0,0.0,130.0,3.0,2.0,56.0,0.0,7.0,11.0,4.0,8.0,6.0,1040.0,840.0,1905.0
1544048891.054302,5200.0,0.0,130.0,3.0,2.0,56.0,0.0,7.0,9.0,1.0,6.0,5.0,1040.0,840.0,1905.0
1544048891.154744,5200.0,0.0,130.0,3.0,2.0,56.0,0.0,7.0,11.0,3.0,8.0,5.0,1040.0,840.0,1905.0
1544048891.255325,5200.0,0.0,130.0,3.0,2.0,56.0,0.0,7.0,10.0,2.0,7.0,7.0,1040.0,840.0,1905.0
1544048891.256755,5200.0,0.0,130.0,3.0,2.0,56.0,0.0,7.0,10.0,2.0,7.0,6.0,1040.0,840.0,1905.0
1544048891.355797,5200.0,0.0,130.0,3.0,2.0,56.0,0.0,7.0,10.0,2.0,7.0,6.0,1040.0,840.0,1905.0
1544048891.456752,5200.0,0.0,130.0,3.0,2.0,56.0,0.0,7.0,10.0,2.0,7.0,4.0,1040.0,840.0,1905.0
1544048891.556769,5200.0,0.0,130.0,3.0,2.0,56.0,0.0,7.0,11.0,2.0,8.0,7.0,1040.0,840.0,1905.0
1544048891.65721,5200.0,0.0,130.0,3.0,2.0,56.0,0.0,7.0,9.0,3.0,6.0,4.0,1040.0,840.0,1905.0
1544048891.659263,5200.0,0.0,130.0,3.0,2.0,56.0,0.0,7.0,10.0,4.0,7.0,4.0,1040.0,840.0,1905.0
1544048891.758179,5200.0,0.0,130.0,3.0,2.0,56.0,0.0,7.0,11.0,3.0,7.0,7.0,1040.0,840.0,1905.0
1544048891.858164,5200.0,0.0,130.0,3.0,2.0,56.0,0.0,7.0,11.0,4.0,5.0,8.0,1040.0,840.0,1905.0
1544048891.958658,5200.0,0.0,130.0,3.0,2.0,56.0,0.0,7.0,11.0,2.0,8.0,6.0,1040.0,840.0,1905.0
1544048892.059116,5200.0,0.0,130.0,3.0,2.0,56.0,0.0,7.0,11.0,1.0,8.0,6.0,1040.0,840.0,1905.0
1544048892.160116,5200.0,0.0,130.0,3.0,2.0,56.0,0.0,7.0,11.0,1.0,8.0,7.0,1040.0,840.0,1905.0
1544048892.260066,5200.0,0.0,130.0,3.0,2.0,56.0,0.0,7.0,9.0,1.0,5.0,5.0,1040.0,840.0,1905.0
1544048892.361394,5200.0,0.0,130.0,3.0,2.0,56.0,0.0,7.0,11.0,5.0,8.0,6.0,1040.0,840.0,1905.0
1544048892.461868,5200.0,0.0,130.0,3.0,2.0,56.0,0.0,7.0,11.0,4.0,7.0,7.0,1040.0,840.0,1905.0
1544048892.562342,5200.0,0.0,130.0,3.0,2.0,56.0,0.0,7.0,10.0,3.0,6.0,7.0,1040.0,840.0,1905.0
1544048892.663361,5200.0,0.0,130.0,3.0,2.0,56.0,0.0,7.0,10.0,4.0,5.0,6.0,1040.0,840.0,1905.0
1544048892.763293,5200.0,0.0,130.0,3.0,2.0,56.0,0.0,7.0,11.0,3.0,8.0,6.0,1040.0,840.0,1905.0
1544048892.96436,5200.0,0.0,130.0,3.0,2.0,56.0,0.0,7.0,10.0,3.0,7.0,5.0,1040.0,840.0,1905.0
1544048893.064824,5200.0,0.0,130.0,3.0,2.0,56.0,0.0,7.0,10.0,2.0,6.0,6.0,1040.0,840.0,1905.0
1544048893.165348,5200.0,0.0,130.0,3.0,2.0,56.0,0.0,7.0,9.0,3.0,6.0,3.0,1040.0,840.0,1905.0
1544048893.265821,5200.0,0.0,130.0,3.0,2.0,56.0,0.0,7.0,9.0,3.0,5.0,6.0,1040.0,840.0,1905.0
1544048893.36761,5200.0,0.0,130.0,3.0,2.0,56.0,0.0,7.0,10.0,1.0,8.0,5.0,1040.0,840.0,1905.0
1544048893.466817,5200.0,0.0,130.0,3.0,2.0,56.0,0.0,7.0,10.0,3.0,7.0,6.0,1040.0,840.0,1905.0
1544048893.567246,5200.0,0.0,130.0,3.0,2.0,56.0,0.0,7.0,10.0,0.0,7.0,6.0,1040.0,840.0,1905.0
1544048893.66772,5200.0,0.0,130.0,3.0,2.0,56.0,0.0,7.0,10.0,1.0,8.0,5.0,1040.0,840.0,1905.0
1544048893.768193,5200.0,0.0,130.0,3.0,2.0,56.0,0.0,7.0,10.0,4.0,7.0,5.0,1040.0,840.0,1905.0
1544048893.868669,5200.0,0.0,130.0,3.0,2.0,56.0,0.0,7.0,10.0,2.0,8.0,4.0,1040.0,840.0,1905.0
1544048893.969137,5200.0,0.0,130.0,3.0,2.0,56.0,0.0,7.0,10.0,2.0,6.0,7.0,1040.0,840.0,1905.0
1544048894.069611,5200.0,0.0,130.0,3.0,2.0,56.0,0.0,7.0,10.0,2.0,7.0,4.0,1040.0,840.0,1905.0
1544048894.071725,5200.0,0.0,130.0,3.0,2.0,56.0,0.0,7.0,10.0,2.0,7.0,5.0,1040.0,840.0,1905.0
1544048894.170085,5200.0,0.0,130.0,3.0,2.0,56.0,0.0,7.0,11.0,2.0,7.0,7.0,1040.0,840.0,1905.0
1544048894.271092,5200.0,0.0,130.0,3.0,2.0,56.0,0.0,7.0,10.0,2.0,7.0,7.0,1040.0,840.0,1905.0
1544048894.371025,5200.0,0.0,130.0,3.0,2.0,56.0,0.0,7.0,10.0,2.0,7.0,5.0,1040.0,840.0,1905.0
1544048894.47205,5200.0,0.0,130.0,3.0,2.0,56.0,0.0,7.0,10.0,255.0,7.0,5.0,1040.0,840.0,1905.0
1544048894.57254,5200.0,0.0,130.0,3.0,2.0,56.0,0.0,7.0,10.0,3.0,7.0,5.0,1040.0,840.0,1905.0
1544048894.672431,5200.0,0.0,130.0,3.0,2.0,56.0,0.0,7.0,10.0,1.0,7.0,5.0,1040.0,840.0,1905.0
1544048894.874353,5200.0,0.0,130.0,3.0,2.0,56.0,0.0,7.0,9.0,0.0,4.0,5.0,1040.0,840.0,1905.0
1544048894.974825,5200.0,0.0,130.0,3.0,2.0,56.0,0.0,7.0,9.0,1.0,6.0,5.0,1040.0,840.0,1905.0
1544048895.075338,5200.0,0.0,130.0,3.0,2.0,56.0,0.0,7.0,10.0,2.0,6.0,6.0,1040.0,840.0,1905.0
1544048895.175816,5200.0,0.0,130.0,3.0,2.0,56.0,0.0,7.0,10.0,2.0,6.0,6.0,1040.0,840.0,1905.0
1544048895.276298,5200.0,0.0,130.0,3.0,2.0,56.0,0.0,7.0,11.0,1.0,8.0,7.0,1040.0,840.0,1905.0
1544048895.383677,5200.0,0.0,130.0,3.0,2.0,56.0,0.0,7.0,10.0,3.0,6.0,6.0,1040.0,840.0,1905.0
1544048895.477242,5200.0,0.0,130.0,3.0,2.0,56.0,0.0,7.0,10.0,0.0,7.0,7.0,1040.0,840.0,1905.0
1544048895.57772,5200.0,0.0,130.0,3.0,2.0,56.0,0.0,7.0,10.0,2.0,7.0,6.0,1040.0,840.0,1905.0
1544048895.678204,5200.0,0.0,130.0,3.0,2.0,56.0,0.0,7.0,10.0,1.0,6.0,6.0,1040.0,840.0,1905.0
1544048895.778647,5200.0,0.0,130.0,3.0,2.0,56.0,0.0,7.0,10.0,0.0,7.0,6.0,1040.0,840.0,1905.0
1544048895.879119,5200.0,0.0,130.0,3.0,2.0,56.0,0.0,7.0,9.0,2.0,5.0,5.0,1040.0,840.0,1905.0
1544048895.979612,5200.0,0.0,130.0,3.0,2.0,56.0,0.0,7.0,11.0,4.0,7.0,6.0,1040.0,840.0,1905.0
1544048896.080068,5200.0,0.0,130.0,3.0,2.0,56.0,0.0,7.0,10.0,1.0,8.0,6.0,1040.0,840.0,1905.0
1544048896.180533,5200.0,0.0,130.0,3.0,2.0,56.0,0.0,7.0,9.0,3.0,5.0,5.0,1040.0,840.0,1905.0
1544048896.281575,5200.0,0.0,130.0,3.0,2.0,56.0,0.0,7.0,11.0,3.0,7.0,8.0,1040.0,840.0,1905.0
1544048896.382063,5200.0,0.0,130.0,3.0,2.0,56.0,0.0,7.0,10.0,2.0,7.0,6.0,1040.0,840.0,1905.0
1544048896.482658,5200.0,0.0,130.0,3.0,2.0,56.0,0.0,7.0,9.0,3.0,5.0,5.0,1040.0,840.0,1905.0
1544048896.582436,5200.0,0.0,130.0,3.0,2.0,56.0,0.0,7.0,11.0,4.0,7.0,8.0,1040.0,840.0,1905.0
1544048896.682893,5200.0,0.0,130.0,3.0,2.0,56.0,0.0,7.0,9.0,255.0,6.0,6.0,1040.0,840.0,1905.0
1544048896.883962,5200.0,0.0,130.0,3.0,2.0,56.0,0.0,7.0,10.0,3.0,7.0,5.0,1040.0,840.0,1905.0
1544048896.984448,5200.0,0.0,130.0,3.0,2.0,56.0,0.0,7.0,10.0,1.0,5.0,8.0,1040.0,840.0,1905.0
1544048897.085791,5200.0,0.0,130.0,3.0,2.0,56.0,0.0,7.0,10.0,2.0,6.0,6.0,1040.0,840.0,1905.0
1544048897.186869,5200.0,0.0,130.0,3.0,2.0,56.0,0.0,7.0,10.0,3.0,7.0,6.0,1040.0,840.0,1905.0
1544048897.28675,5200.0,0.0,130.0,3.0,2.0,56.0,0.0,7.0,9.0,3.0,5.0,5.0,1040.0,840.0,1905.0
1544048897.387207,5200.0,0.0,130.0,3.0,2.0,56.0,0.0,7.0,10.0,2.0,7.0,6.0,1040.0,840.0,1905.0
1544048897.389179,5200.0,0.0,130.0,3.0,2.0,56.0,0.0,7.0,10.0,2.0,8.0,4.0,1040.0,840.0,1905.0
1544048897.487684,5200.0,0.0,130.0,3.0,2.0,56.0,0.0,7.0,9.0,0.0,5.0,6.0,1040.0,840.0,1905.0
1544048897.58871,5200.0,0.0,130.0,3.0,2.0,56.0,0.0,7.0,10.0,3.0,6.0,5.0,1040.0,840.0,1905.0
1544048897.68863,5200.0,0.0,130.0,3.0,2.0,56.0,0.0,7.0,10.0,1.0,6.0,7.0,1040.0,840.0,1905.0
1544048897.789095,5200.0,0.0,130.0,3.0,2.0,56.0,0.0,7.0,11.0,1.0,7.0,8.0,1040.0,840.0,1905.0
1544048897.889578,5200.0,0.0,130.0,3.0,2.0,56.0,0.0,7.0,9.0,2.0,6.0,4.0,1040.0,840.0,1905.0
1544048897.990031,5200.0,0.0,130.0,3.0,2.0,56.0,0.0,7.0,10.0,2.0,7.0,5.0,1040.0,840.0,1905.0
1544048898.090524,5200.0,0.0,130.0,3.0,2.0,56.0,0.0,7.0,10.0,1.0,8.0,5.0,1040.0,840.0,1905.0
1544048898.19098,5200.0,0.0,130.0,3.0,2.0,56.0,0.0,7.0,10.0,2.0,7.0,5.0,1040.0,840.0,1905.0
1544048898.291464,5200.0,0.0,130.0,3.0,2.0,56.0,0.0,7.0,10.0,4.0,6.0,5.0,1040.0,840.0,1905.0
1544048898.391947,5200.0,0.0,130.0,3.0,2.0,56.0,0.0,7.0,10.0,255.0,8.0,6.0,1040.0,840.0,1905.0
1544048898.492416,5200.0,0.0,130.0,3.0,2.0,56.0,0.0,7.0,10.0,3.0,6.0,6.0,1040.0,840.0,1905.0
1544048898.592892,5200.0,0.0,130.0,3.0,2.0,56.0,0.0,7.0,10.0,2.0,6.0,6.0,1040.0,840.0,1905.0
1544048898.794568,5200.0,0.0,130.0,3.0,2.0,56.0,0.0,7.0,10.0,3.0,6.0,7.0,1040.0,840.0,1905.0
1544048898.894452,5200.0,0.0,130.0,3.0,2.0,56.0,0.0,7.0,10.0,2.0,5.0,6.0,1040.0,840.0,1905.0
1544048898.994908,5200.0,0.0,130.0,3.0,2.0,56.0,0.0,7.0,10.0,3.0,6.0,6.0,1040.0,840.0,1905.0
1544048899.095445,5200.0,0.0,130.0,3.0,2.0,56.0,0.0,7.0,11.0,1.0,7.0,7.0,1040.0,840.0,1905.0
1544048899.195926,5200.0,0.0,130.0,3.0,2.0,56.0,0.0,7.0,10.0,2.0,6.0,7.0,1040.0,840.0,1905.0
1544048899.296394,5200.0,0.0,130.0,3.0,2.0,56.0,0.0,7.0,10.0,255.0,7.0,7.0,1040.0,840.0,1905.0
1544048899.396868,5200.0,0.0,130.0,3.0,2.0,56.0,0.0,7.0,10.0,3.0,6.0,5.0,1040.0,840.0,1905.0
1544048899.49818,5200.0,0.0,130.0,3.0,2.0,56.0,0.0,7.0,11.0,1.0,8.0,6.0,1040.0,840.0,1905.0
1544048899.59867,5200.0,0.0,130.0,3.0,2.0,56.0,0.0,7.0,11.0,2.0,8.0,5.0,1040.0,840.0,1905.0
1544048899.699145,5200.0,0.0,130.0,3.0,2.0,56.0,0.0,7.0,10.0,3.0,6.0,6.0,1040.0,840.0,1905.0
1544048899.799605,5200.0,0.0,130.0,3.0,2.0,56.0,0.0,7.0,10.0,1.0,6.0,8.0,1040.0,840.0,1905.0
1544048899.900061,5200.0,0.0,130.0,3.0,2.0,56.0,0.0,7.0,10.0,255.0,5.0,7.0,1040.0,840.0,1905.0
1544048899.901368,5200.0,0.0,130.0,3.0,2.0,56.0,0.0,7.0,10.0,6.0,6.0,5.0,1040.0,840.0,1905.0
1544048900.000682,5200.0,0.0,130.0,3.0,2.0,56.0,0.0,7.0,9.0,2.0,4.0,6.0,1040.0,840.0,1905.0
1544048900.101134,5200.0,0.0,130.0,3.0,2.0,56.0,0.0,7.0,10.0,0.0,6.0,6.0,1040.0,840.0,1905.0
1544048900.201618,5200.0,0.0,130.0,3.0,2.0,56.0,0.0,7.0,10.0,2.0,5.0,6.0,1040.0,840.0,1905.0
1544048900.302091,5200.0,0.0,130.0,3.0,2.0,56.0,0.0,7.0,9.0,1.0,5.0,5.0,1040.0,840.0,1905.0
1544048900.403216,5200.0,0.0,130.0,3.0,2.0,56.0,0.0,7.0,10.0,1.0,7.0,4.0,1040.0,840.0,1905.0
1544048900.503165,5200.0,0.0,130.0,3.0,2.0,56.0,0.0,7.0,9.0,3.0,6.0,4.0,1040.0,840.0,1905.0
1544048900.603541,5200.0,0.0,130.0,3.0,2.0,56.0,0.0,7.0,10.0,2.0,6.0,7.0,1040.0,840.0,1905.0
1544048900.70398,5200.0,0.0,130.0,3.0,2.0,56.0,0.0,7.0,10.0,1.0,6.0,7.0,1040.0,840.0,1905.0
1544048900.804444,5200.0,0.0,130.0,3.0,2.0,56.0,0.0,7.0,11.0,3.0,9.0,6.0,1040.0,840.0,1905.0
1544048900.904905,5200.0,0.0,130.0,3.0,2.0,56.0,0.0,7.0,10.0,4.0,6.0,5.0,1040.0,840.0,1905.0
1544048901.005449,5200.0,0.0,130.0,3.0,2.0,56.0,0.0,7.0,10.0,1.0,6.0,6.0,1040.0,840.0,1905.0
1544048901.105913,5200.0,0.0,130.0,3.0,2.0,56.0,0.0,7.0,10.0,2.0,7.0,5.0,1040.0,840.0,1905.0
1544048901.206379,5200.0,0.0,130.0,3.0,2.0,56.0,0.0,7.0,10.0,0.0,8.0,5.0,1040.0,840.0,1905.0
1544048901.306847,5200.0,0.0,130.0,3.0,2.0,56.0,0.0,7.0,10.0,2.0,6.0,6.0,1040.0,840.0,1905.0
1544048901.40795,5200.0,0.0,130.0,3.0,2.0,56.0,0.0,7.0,9.0,2.0,4.0,6.0,1040.0,840.0,1905.0
1544048901.507799,5200.0,0.0,130.0,3.0,2.0,56.0,0.0,7.0,10.0,3.0,6.0,7.0,1040.0,840.0,1905.0
1544048901.509874,5200.0,0.0,130.0,3.0,2.0,56.0,0.0,7.0,10.0,0.0,7.0,7.0,1040.0,840.0,1905.0
1544048901.608314,5200.0,0.0,130.0,3.0,2.0,56.0,0.0,7.0,9.0,0.0,6.0,5.0,1040.0,840.0,1905.0
1544048901.708786,5200.0,0.0,130.0,3.0,2.0,56.0,0.0,7.0,10.0,2.0,6.0,6.0,1040.0,840.0,1905.0
1544048901.810107,5200.0,0.0,130.0,3.0,2.0,56.0,0.0,7.0,10.0,2.0,6.0,6.0,1040.0,840.0,1905.0
1544048901.910583,5200.0,0.0,130.0,3.0,2.0,56.0,0.0,7.0,11.0,1.0,6.0,8.0,1040.0,840.0,1905.0
1544048902.011791,5200.0,0.0,130.0,3.0,2.0,56.0,0.0,7.0,11.0,4.0,8.0,5.0,1040.0,840.0,1905.0
1544048902.111532,5200.0,0.0,130.0,3.0,2.0,56.0,0.0,7.0,10.0,1.0,7.0,5.0,1040.0,840.0,1905.0
1544048902.212021,5200.0,0.0,130.0,3.0,2.0,56.0,0.0,7.0,10.0,3.0,7.0,5.0,1040.0,840.0,1905.0
1544048902.31249,5200.0,0.0,130.0,3.0,2.0,56.0,0.0,7.0,10.0,4.0,5.0,7.0,1040.0,840.0,1905.0
1544048902.41541,5200.0,0.0,130.0,3.0,2.0,56.0,0.0,7.0,10.0,4.0,6.0,6.0,1040.0,840.0,1905.0
1544048902.614822,5200.0,0.0,130.0,3.0,2.0,56.0,0.0,7.0,10.0,4.0,7.0,6.0,1040.0,840.0,1905.0
1544048902.714475,5200.0,0.0,130.0,3.0,2.0,56.0,0.0,7.0,10.0,2.0,7.0,7.0,1040.0,840.0,1905.0
1544048902.716434,5200.0,0.0,130.0,3.0,2.0,56.0,0.0,7.0,10.0,3.0,6.0,7.0,1040.0,840.0,1905.0
1544048902.81497,5200.0,0.0,130.0,3.0,2.0,56.0,0.0,7.0,7.0,0.0,4.0,2.0,1040.0,840.0,1905.0
1544048902.915484,5200.0,0.0,130.0,3.0,2.0,56.0,0.0,7.0,10.0,4.0,7.0,5.0,1040.0,840.0,1905.0
1544048903.015961,5200.0,0.0,130.0,3.0,2.0,56.0,0.0,7.0,10.0,1.0,6.0,6.0,1040.0,840.0,1905.0
1544048903.116436,5200.0,0.0,130.0,3.0,2.0,56.0,0.0,7.0,10.0,5.0,5.0,5.0,1040.0,840.0,1905.0
1544048903.11863,5200.0,0.0,130.0,3.0,2.0,56.0,0.0,7.0,10.0,3.0,7.0,5.0,1040.0,840.0,1905.0
1544048903.120556,5200.0,0.0,130.0,3.0,2.0,56.0,0.0,7.0,9.0,1.0,5.0,6.0,1040.0,840.0,1905.0
1544048903.216914,5200.0,0.0,130.0,3.0,2.0,56.0,0.0,7.0,9.0,1.0,5.0,5.0,1040.0,840.0,1905.0
1544048903.317389,5200.0,0.0,130.0,3.0,2.0,56.0,0.0,7.0,9.0,2.0,6.0,4.0,1040.0,840.0,1905.0
1544048903.417866,5200.0,0.0,130.0,3.0,2.0,56.0,0.0,7.0,9.0,3.0,5.0,6.0,1040.0,840.0,1905.0
1544048903.518342,5200.0,0.0,130.0,3.0,2.0,56.0,0.0,7.0,10.0,3.0,7.0,6.0,1040.0,840.0,1905.0
1544048903.618815,5200.0,0.0,130.0,3.0,2.0,56.0,0.0,7.0,11.0,3.0,7.0,7.0,1040.0,840.0,1905.0
1544048903.719285,5200.0,0.0,130.0,3.0,2.0,56.0,0.0,7.0,9.0,2.0,6.0,5.0,1040.0,840.0,1905.0
1544048903.819753,5200.0,0.0,130.0,3.0,2.0,56.0,0.0,7.0,10.0,254.0,7.0,5.0,1040.0,840.0,1905.0
1544048903.92023,5200.0,0.0,130.0,3.0,2.0,56.0,0.0,7.0,9.0,1.0,6.0,5.0,1040.0,840.0,1905.0
1544048904.02072,5200.0,0.0,130.0,3.0,2.0,56.0,0.0,7.0,11.0,2.0,7.0,7.0,1040.0,840.0,1905.0
1544048904.121191,5200.0,0.0,130.0,3.0,2.0,56.0,0.0,7.0,11.0,3.0,7.0,7.0,1040.0,840.0,1905.0
1544048904.222521,5200.0,0.0,130.0,3.0,2.0,56.0,0.0,7.0,10.0,3.0,6.0,6.0,1040.0,840.0,1905.0
1544048904.324008,5200.0,0.0,130.0,3.0,2.0,56.0,0.0,7.0,10.0,3.0,6.0,6.0,1040.0,840.0,1905.0
1544048904.326023,5200.0,0.0,130.0,3.0,2.0,56.0,0.0,7.0,10.0,3.0,5.0,7.0,1040.0,840.0,1905.0
1544048904.524095,5200.0,0.0,130.0,3.0,2.0,56.0,0.0,7.0,9.0,0.0,6.0,5.0,1040.0,840.0,1905.0
1544048904.624559,5200.0,0.0,130.0,3.0,2.0,56.0,0.0,7.0,10.0,255.0,7.0,6.0,1040.0,840.0,1905.0
1544048904.725104,5200.0,0.0,130.0,3.0,2.0,56.0,0.0,7.0,11.0,2.0,7.0,7.0,1040.0,840.0,1905.0
1544048904.825604,5200.0,0.0,130.0,3.0,2.0,56.0,0.0,7.0,11.0,1.0,9.0,6.0,1040.0,840.0,1905.0
1544048904.926087,5200.0,0.0,130.0,3.0,2.0,56.0,0.0,7.0,10.0,2.0,7.0,7.0,1040.0,840.0,1905.0
1544048905.02725,5200.0,0.0,130.0,3.0,2.0,56.0,0.0,7.0,11.0,3.0,8.0,6.0,1040.0,840.0,1905.0
1544048905.127021,5200.0,0.0,130.0,3.0,2.0,56.0,0.0,7.0,10.0,4.0,6.0,7.0,1040.0,840.0,1905.0
1544048905.227502,5200.0,0.0,130.0,3.0,2.0,56.0,0.0,7.0,10.0,2.0,5.0,7.0,1040.0,840.0,1905.0
1544048905.32797,5200.0,0.0,130.0,3.0,2.0,56.0,0.0,7.0,9.0,1.0,5.0,5.0,1040.0,840.0,1905.0
1544048905.428438,5200.0,0.0,130.0,3.0,2.0,56.0,0.0,7.0,8.0,1.0,5.0,3.0,1040.0,840.0,1905.0
1544048905.528905,5200.0,0.0,130.0,3.0,2.0,56.0,0.0,7.0,11.0,2.0,8.0,6.0,1040.0,840.0,1905.0
1544048905.629399,5200.0,0.0,130.0,3.0,2.0,56.0,0.0,7.0,10.0,255.0,8.0,6.0,1040.0,840.0,1905.0
1544048905.72986,5200.0,0.0,130.0,3.0,2.0,56.0,0.0,7.0,10.0,2.0,6.0,7.0,1040.0,840.0,1905.0
1544048905.830318,5200.0,0.0,130.0,3.0,2.0,56.0,0.0,7.0,11.0,3.0,7.0,7.0,1040.0,840.0,1905.0
1544048905.930803,5200.0,0.0,130.0,3.0,2.0,56.0,0.0,7.0,10.0,2.0,7.0,5.0,1040.0,840.0,1905.0
1544048906.03271,5200.0,0.0,130.0,3.0,2.0,56.0,0.0,7.0,10.0,2.0,7.0,5.0,1040.0,840.0,1905.0
1544048906.132201,5200.0,0.0,130.0,3.0,2.0,56.0,0.0,7.0,11.0,2.0,8.0,6.0,1040.0,840.0,1905.0
1544048906.23222,5200.0,0.0,130.0,3.0,2.0,56.0,0.0,7.0,9.0,2.0,6.0,5.0,1040.0,840.0,1905.0
1544048906.433294,5200.0,0.0,130.0,3.0,2.0,56.0,0.0,7.0,10.0,2.0,6.0,5.0,1040.0,840.0,1905.0
1544048906.533806,5200.0,0.0,130.0,3.0,2.0,56.0,0.0,7.0,10.0,1.0,6.0,6.0,1040.0,840.0,1905.0
1544048906.6343,5200.0,0.0,130.0,3.0,2.0,56.0,0.0,7.0,10.0,4.0,5.0,6.0,1040.0,840.0,1905.0
1544048906.734755,5200.0,0.0,130.0,3.0,2.0,56.0,0.0,7.0,10.0,5.0,6.0,6.0,1040.0,840.0,1905.0
1544048906.835245,5200.0,0.0,130.0,3.0,2.0,56.0,0.0,7.0,11.0,3.0,6.0,8.0,1040.0,840.0,1905.0
1544048906.935695,5200.0,0.0,130.0,3.0,2.0,56.0,0.0,7.0,11.0,3.0,7.0,7.0,1040.0,840.0,1905.0
1544048907.036174,5200.0,0.0,130.0,3.0,2.0,56.0,0.0,7.0,10.0,2.0,5.0,7.0,1040.0,840.0,1905.0
1544048907.136648,5200.0,0.0,130.0,3.0,2.0,56.0,0.0,7.0,11.0,5.0,7.0,5.0,1040.0,840.0,1905.0
1544048907.237087,5200.0,0.0,130.0,3.0,2.0,56.0,0.0,7.0,12.0,2.0,9.0,7.0,1040.0,840.0,1905.0
1544048907.338197,5200.0,0.0,130.0,3.0,2.0,56.0,0.0,7.0,10.0,3.0,5.0,6.0,1040.0,840.0,1905.0
1544048907.438026,5200.0,0.0,130.0,3.0,2.0,56.0,0.0,7.0,10.0,5.0,7.0,5.0,1040.0,840.0,1905.0
1544048907.538492,5200.0,0.0,130.0,3.0,2.0,56.0,0.0,7.0,10.0,2.0,6.0,6.0,1040.0,840.0,1905.0
1544048907.638954,5200.0,0.0,130.0,3.0,2.0,56.0,0.0,7.0,10.0,3.0,6.0,6.0,1040.0,840.0,1905.0
1544048907.739421,5200.0,0.0,130.0,3.0,2.0,56.0,0.0,7.0,11.0,3.0,6.0,8.0,1040.0,840.0,1905.0
1544048907.840442,5200.0,0.0,130.0,3.0,2.0,56.0,0.0,7.0,11.0,1.0,8.0,6.0,1040.0,840.0,1905.0
1544048907.940398,5200.0,0.0,130.0,3.0,2.0,56.0,0.0,7.0,10.0,2.0,5.0,7.0,1040.0,840.0,1905.0
1544048908.040861,5200.0,0.0,130.0,3.0,2.0,56.0,0.0,7.0,12.0,0.0,9.0,7.0,1040.0,840.0,1905.0
1544048908.141322,5200.0,0.0,130.0,3.0,2.0,56.0,0.0,7.0,10.0,1.0,7.0,6.0,1040.0,840.0,1905.0
1544048908.343558,5200.0,0.0,130.0,3.0,2.0,56.0,0.0,7.0,11.0,3.0,7.0,6.0,1040.0,840.0,1905.0
1544048908.442848,5200.0,0.0,130.0,3.0,2.0,56.0,0.0,7.0,10.0,2.0,5.0,7.0,1040.0,840.0,1905.0
1544048908.543324,5200.0,0.0,130.0,3.0,2.0,56.0,0.0,7.0,9.0,255.0,6.0,4.0,1040.0,840.0,1905.0
1544048908.643779,5200.0,0.0,130.0,3.0,2.0,56.0,0.0,7.0,10.0,2.0,7.0,6.0,1040.0,840.0,1905.0
1544048908.744244,5200.0,0.0,130.0,3.0,2.0,56.0,0.0,7.0,11.0,3.0,7.0,8.0,1040.0,840.0,1905.0
1544048908.844702,5200.0,0.0,130.0,3.0,2.0,56.0,0.0,7.0,9.0,2.0,7.0,4.0,1040.0,840.0,1905.0
1544048908.946071,5200.0,0.0,130.0,3.0,2.0,56.0,0.0,7.0,10.0,2.0,6.0,5.0,1040.0,840.0,1905.0
1544048909.046573,5200.0,0.0,130.0,3.0,2.0,56.0,0.0,7.0,10.0,3.0,7.0,5.0,1040.0,840.0,1905.0
1544048909.146994,5200.0,0.0,130.0,3.0,2.0,56.0,0.0,7.0,9.0,1.0,5.0,6.0,1040.0,840.0,1905.0
1544048909.247461,5200.0,0.0,130.0,3.0,2.0,56.0,0.0,7.0,9.0,1.0,5.0,5.0,1040.0,840.0,1905.0
1544048909.34792,5200.0,0.0,130.0,3.0,2.0,56.0,0.0,7.0,10.0,2.0,5.0,6.0,1040.0,840.0,1905.0
1544048909.448374,5200.0,0.0,130.0,3.0,2.0,56.0,0.0,7.0,8.0,1.0,5.0,4.0,1040.0,840.0,1905.0
1544048909.549547,5200.0,0.0,130.0,3.0,2.0,56.0,0.0,7.0,9.0,1.0,6.0,5.0,1040.0,840.0,1905.0
1544048909.649378,5200.0,0.0,130.0,3.0,2.0,56.0,0.0,7.0,9.0,0.0,6.0,4.0,1040.0,840.0,1905.0
1544048909.751128,5200.0,0.0,130.0,3.0,2.0,56.0,0.0,7.0,11.0,3.0,8.0,7.0,1040.0,840.0,1905.0
1544048909.851018,5200.0,0.0,130.0,3.0,2.0,56.0,0.0,7.0,10.0,0.0,6.0,6.0,1040.0,840.0,1905.0
1544048909.950771,5200.0,0.0,130.0,3.0,2.0,56.0,0.0,7.0,10.0,2.0,8.0,5.0,1040.0,840.0,1905.0
1544048910.051744,5200.0,0.0,130.0,3.0,2.0,56.0,0.0,7.0,12.0,3.0,8.0,7.0,1040.0,840.0,1905.0
1544048910.252306,5200.0,0.0,130.0,3.0,2.0,56.0,0.0,7.0,12.0,1.0,9.0,8.0,1040.0,840.0,1905.0
1544048910.352765,5200.0,0.0,130.0,3.0,2.0,56.0,0.0,7.0,11.0,0.0,8.0,6.0,1040.0,840.0,1905.0
1544048910.453246,5200.0,0.0,130.0,3.0,2.0,56.0,0.0,7.0,11.0,2.0,8.0,5.0,1040.0,840.0,1905.0
1544048910.553709,5200.0,0.0,130.0,3.0,2.0,56.0,0.0,7.0,11.0,3.0,6.0,7.0,1040.0,840.0,1905.0
1544048910.654175,5200.0,0.0,130.0,3.0,2.0,56.0,0.0,7.0,11.0,1.0,7.0,8.0,1040.0,840.0,1905.0
1544048910.754633,5200.0,0.0,130.0,3.0,2.0,56.0,0.0,7.0,10.0,1.0,7.0,5.0,1040.0,840.0,1905.0
1544048910.8551,5200.0,0.0,130.0,3.0,2.0,56.0,0.0,7.0,10.0,4.0,7.0,6.0,1040.0,840.0,1905.0
1544048910.955653,5200.0,0.0,130.0,3.0,2.0,56.0,0.0,7.0,10.0,1.0,6.0,6.0,1040.0,840.0,1905.0
1544048911.056111,5200.0,0.0,130.0,3.0,2.0,56.0,0.0,7.0,10.0,3.0,6.0,7.0,1040.0,840.0,1905.0
1544048911.156583,5200.0,0.0,130.0,3.0,2.0,56.0,0.0,7.0,10.0,2.0,7.0,6.0,1040.0,840.0,1905.0
1544048911.257887,5200.0,0.0,130.0,3.0,2.0,56.0,0.0,7.0,10.0,3.0,7.0,6.0,1040.0,840.0,1905.0
1544048911.35836,5200.0,0.0,130.0,3.0,2.0,56.0,0.0,7.0,10.0,2.0,7.0,6.0,1040.0,840.0,1905.0
1544048911.459275,5200.0,0.0,130.0,3.0,2.0,56.0,0.0,7.0,11.0,2.0,7.0,7.0,1040.0,840.0,1905.0
1544048911.559753,5200.0,0.0,130.0,3.0,2.0,56.0,0.0,7.0,11.0,1.0,8.0,7.0,1040.0,840.0,1905.0
1544048911.659729,5200.0,0.0,130.0,3.0,2.0,56.0,0.0,7.0,10.0,2.0,6.0,6.0,1040.0,840.0,1905.0
1544048911.760206,5200.0,0.0,130.0,3.0,2.0,56.0,0.0,7.0,10.0,3.0,7.0,6.0,1040.0,840.0,1905.0
1544048911.860661,5200.0,0.0,130.0,3.0,2.0,56.0,0.0,7.0,11.0,3.0,8.0,6.0,1040.0,840.0,1905.0
1544048911.961118,5200.0,0.0,130.0,3.0,2.0,56.0,0.0,7.0,11.0,0.0,9.0,7.0,1040.0,840.0,1905.0
1544048912.162171,5200.0,0.0,130.0,3.0,2.0,56.0,0.0,7.0,11.0,4.0,7.0,7.0,1040.0,840.0,1905.0
1544048912.26264,5200.0,0.0,130.0,3.0,2.0,56.0,0.0,7.0,10.0,1.0,7.0,6.0,1040.0,840.0,1905.0
1544048912.363621,5200.0,0.0,130.0,3.0,2.0,56.0,0.0,7.0,12.0,3.0,8.0,8.0,1040.0,840.0,1905.0
1544048912.463546,5200.0,0.0,130.0,3.0,2.0,56.0,0.0,7.0,11.0,0.0,7.0,7.0,1040.0,840.0,1905.0
1544048912.564577,5200.0,0.0,130.0,3.0,2.0,56.0,0.0,7.0,12.0,4.0,9.0,6.0,1040.0,840.0,1905.0
1544048912.664486,5200.0,0.0,130.0,3.0,2.0,56.0,0.0,7.0,10.0,2.0,6.0,6.0,1040.0,840.0,1905.0
1544048912.765574,5200.0,0.0,130.0,3.0,2.0,56.0,0.0,7.0,11.0,1.0,8.0,7.0,1040.0,840.0,1905.0
1544048912.865453,5200.0,0.0,130.0,3.0,2.0,56.0,0.0,7.0,10.0,255.0,6.0,7.0,1040.0,840.0,1905.0
1544048912.867458,5200.0,0.0,130.0,3.0,2.0,56.0,0.0,7.0,10.0,1.0,7.0,6.0,1040.0,840.0,1905.0
1544048912.965918,5200.0,0.0,130.0,3.0,2.0,56.0,0.0,7.0,10.0,1.0,6.0,6.0,1040.0,840.0,1905.0
1544048913.066377,5200.0,0.0,130.0,3.0,2.0,56.0,0.0,7.0,11.0,1.0,7.0,7.0,1040.0,840.0,1905.0
1544048913.166861,5200.0,0.0,130.0,3.0,2.0,56.0,0.0,7.0,12.0,2.0,9.0,8.0,1040.0,840.0,1905.0
1544048913.267301,5200.0,0.0,130.0,3.0,2.0,56.0,0.0,7.0,10.0,2.0,5.0,7.0,1040.0,840.0,1905.0
1544048913.368318,5200.0,0.0,130.0,3.0,2.0,56.0,0.0,7.0,9.0,2.0,4.0,5.0,1040.0,840.0,1905.0
1544048913.468253,5200.0,0.0,130.0,3.0,2.0,56.0,0.0,7.0,9.0,1.0,6.0,5.0,1040.0,840.0,1905.0
1544048913.569208,5200.0,0.0,130.0,3.0,2.0,56.0,0.0,7.0,10.0,2.0,6.0,6.0,1040.0,840.0,1905.0
1544048913.670007,5200.0,0.0,130.0,3.0,2.0,56.0,0.0,7.0,12.0,1.0,9.0,7.0,1040.0,840.0,1905.0
1544048913.672056,5200.0,0.0,130.0,3.0,2.0,56.0,0.0,7.0,11.0,2.0,9.0,7.0,1040.0,840.0,1905.0
1544048914.072173,5200.0,0.0,129.0,3.0,2.0,56.0,0.0,7.0,10.0,1.0,5.0,7.0,1040.0,840.0,1905.0
1544048914.17293,5200.0,0.0,129.0,3.0,2.0,56.0,0.0,0.0,11.0,3.0,8.0,7.0,1040.0,840.0,1905.0
1544048914.273386,5200.0,0.0,129.0,3.0,2.0,56.0,0.0,0.0,10.0,0.0,7.0,6.0,1040.0,840.0,1905.0
1544048914.37384,5200.0,0.0,129.0,3.0,2.0,56.0,0.0,0.0,10.0,3.0,7.0,5.0,1040.0,840.0,1905.0
1544048914.474307,5200.0,0.0,129.0,3.0,2.0,56.0,0.0,0.0,10.0,3.0,5.0,6.0,1040.0,840.0,1905.0
1544048914.574771,5200.0,0.0,129.0,3.0,2.0,56.0,0.0,0.0,10.0,1.0,7.0,6.0,1040.0,840.0,1905.0
1544048914.67523,5200.0,0.0,129.0,3.0,2.0,56.0,0.0,0.0,9.0,2.0,6.0,5.0,1040.0,840.0,1905.0
1544048914.677556,5200.0,0.0,129.0,3.0,2.0,56.0,0.0,0.0,10.0,2.0,6.0,6.0,1040.0,840.0,1905.0
1544048914.876174,5200.0,0.0,129.0,3.0,2.0,56.0,0.0,0.0,10.0,2.0,6.0,7.0,1040.0,840.0,1905.0
1544048914.977508,5200.0,0.0,129.0,3.0,2.0,56.0,0.0,0.0,10.0,3.0,8.0,4.0,1040.0,840.0,1905.0
1544048915.07786,5200.0,0.0,129.0,3.0,2.0,56.0,0.0,0.0,10.0,2.0,7.0,6.0,1040.0,840.0,1905.0
1544048915.178487,5200.0,0.0,130.0,3.0,2.0,56.0,0.0,7.0,10.0,3.0,7.0,5.0,1040.0,840.0,1905.0
1544048915.278334,5200.0,0.0,130.0,3.0,2.0,56.0,0.0,7.0,10.0,3.0,7.0,4.0,1040.0,840.0,1905.0
1544048915.378591,5200.0,0.0,130.0,3.0,2.0,56.0,0.0,7.0,10.0,2.0,7.0,4.0,1040.0,840.0,1905.0
1544048915.478557,5200.0,0.0,130.0,3.0,2.0,56.0,0.0,7.0,10.0,2.0,7.0,5.0,1040.0,840.0,1905.0
1544048915.57898,5200.0,0.0,130.0,3.0,2.0,56.0,0.0,7.0,10.0,1.0,8.0,6.0,1040.0,840.0,1905.0
1544048915.679432,5200.0,0.0,130.0,3.0,2.0,56.0,0.0,7.0,10.0,0.0,5.0,6.0,1040.0,840.0,1905.0
1544048915.780366,5200.0,0.0,130.0,3.0,2.0,56.0,0.0,7.0,9.0,3.0,5.0,5.0,1040.0,840.0,1905.0
1544048915.981658,5200.0,0.0,130.0,3.0,2.0,56.0,0.0,7.0,10.0,4.0,4.0,6.0,1040.0,840.0,1905.0
1544048916.082135,5200.0,0.0,130.0,3.0,2.0,56.0,0.0,7.0,10.0,5.0,5.0,6.0,1040.0,840.0,1905.0
1544048916.182621,5200.0,0.0,130.0,3.0,2.0,56.0,0.0,7.0,10.0,2.0,8.0,4.0,1040.0,840.0,1905.0
1544048916.283056,5200.0,0.0,130.0,3.0,2.0,56.0,0.0,7.0,10.0,1.0,7.0,6.0,1040.0,840.0,1905.0
1544048916.383519,5200.0,0.0,130.0,3.0,2.0,56.0,0.0,7.0,10.0,3.0,5.0,6.0,1040.0,840.0,1905.0
1544048916.483977,5200.0,0.0,130.0,3.0,2.0,56.0,0.0,7.0,10.0,3.0,8.0,5.0,1040.0,840.0,1905.0
1544048916.58445,5200.0,0.0,130.0,3.0,2.0,56.0,0.0,7.0,10.0,4.0,6.0,6.0,1040.0,840.0,1905.0
1544048916.684909,5200.0,0.0,130.0,3.0,2.0,56.0,0.0,7.0,10.0,2.0,6.0,6.0,1040.0,840.0,1905.0
1544048916.785333,5200.0,0.0,130.0,3.0,2.0,56.0,0.0,7.0,11.0,3.0,7.0,7.0,1040.0,840.0,1905.0
1544048916.885798,5200.0,0.0,130.0,3.0,2.0,56.0,0.0,7.0,10.0,2.0,7.0,7.0,1040.0,840.0,1905.0
1544048916.986279,5200.0,0.0,130.0,3.0,2.0,56.0,0.0,7.0,11.0,2.0,6.0,8.0,1040.0,840.0,1905.0
1544048917.086757,5200.0,0.0,130.0,3.0,2.0,56.0,0.0,7.0,11.0,2.0,8.0,5.0,1040.0,840.0,1905.0
1544048917.088707,5200.0,0.0,130.0,3.0,2.0,56.0,0.0,7.0,11.0,3.0,8.0,6.0,1040.0,840.0,1905.0
1544048917.187179,5200.0,0.0,130.0,3.0,2.0,56.0,0.0,7.0,11.0,3.0,7.0,7.0,1040.0,840.0,1905.0
1544048917.287664,5200.0,0.0,130.0,3.0,2.0,56.0,0.0,7.0,10.0,3.0,6.0,6.0,1040.0,840.0,1905.0
1544048917.388584,5200.0,0.0,130.0,3.0,2.0,56.0,0.0,7.0,11.0,2.0,8.0,7.0,1040.0,840.0,1905.0
1544048917.489248,5200.0,0.0,130.0,3.0,2.0,56.0,0.0,7.0,11.0,3.0,8.0,7.0,1040.0,840.0,1905.0
1544048917.589076,5200.0,0.0,130.0,3.0,2.0,56.0,0.0,7.0,11.0,2.0,7.0,7.0,1040.0,840.0,1905.0
1544048917.689514,5200.0,0.0,130.0,3.0,2.0,56.0,0.0,7.0,11.0,4.0,7.0,8.0,1040.0,840.0,1905.0
1544048917.890569,5200.0,0.0,130.0,3.0,2.0,56.0,0.0,7.0,12.0,4.0,9.0,7.0,1040.0,840.0,1905.0
1544048917.991042,5200.0,0.0,130.0,3.0,2.0,56.0,0.0,7.0,10.0,2.0,6.0,7.0,1040.0,840.0,1905.0
1544048918.091515,5200.0,0.0,130.0,3.0,2.0,56.0,0.0,7.0,10.0,3.0,7.0,4.0,1040.0,840.0,1905.0
1544048918.191965,5200.0,0.0,130.0,3.0,2.0,56.0,0.0,7.0,11.0,3.0,7.0,7.0,1040.0,840.0,1905.0
1544048918.292437,5200.0,0.0,130.0,3.0,2.0,56.0,0.0,7.0,10.0,2.0,7.0,6.0,1040.0,840.0,1905.0
1544048918.393762,5200.0,0.0,130.0,3.0,2.0,56.0,0.0,7.0,11.0,4.0,8.0,4.0,1040.0,840.0,1905.0
1544048918.494214,5200.0,0.0,130.0,3.0,2.0,56.0,0.0,7.0,10.0,1.0,7.0,5.0,1040.0,840.0,1905.0
1544048918.594686,5200.0,0.0,130.0,3.0,2.0,56.0,0.0,7.0,11.0,4.0,7.0,7.0,1040.0,840.0,1905.0
1544048918.695138,5200.0,0.0,130.0,3.0,2.0,56.0,0.0,7.0,11.0,3.0,8.0,7.0,1040.0,840.0,1905.0
1544048918.796749,5200.0,0.0,130.0,3.0,2.0,56.0,0.0,7.0,12.0,5.0,8.0,7.0,1040.0,840.0,1905.0
1544048918.896147,5200.0,0.0,130.0,3.0,2.0,56.0,0.0,7.0,11.0,3.0,7.0,6.0,1040.0,840.0,1905.0
1544048918.996685,5200.0,0.0,130.0,3.0,2.0,56.0,0.0,7.0,10.0,3.0,6.0,7.0,1040.0,840.0,1905.0
1544048919.097068,5200.0,0.0,130.0,3.0,2.0,56.0,0.0,7.0,10.0,5.0,6.0,6.0,1040.0,840.0,1905.0
1544048919.197557,5200.0,0.0,130.0,3.0,2.0,56.0,0.0,7.0,11.0,5.0,6.0,6.0,1040.0,840.0,1905.0
1544048919.29802,5200.0,0.0,130.0,3.0,2.0,56.0,0.0,7.0,10.0,4.0,7.0,6.0,1040.0,840.0,1905.0
1544048919.398486,5200.0,0.0,130.0,3.0,2.0,56.0,0.0,7.0,10.0,2.0,6.0,7.0,1040.0,840.0,1905.0
1544048919.498938,5200.0,0.0,130.0,3.0,2.0,56.0,0.0,7.0,11.0,3.0,8.0,7.0,1040.0,840.0,1905.0
1544048919.599403,5200.0,0.0,130.0,3.0,2.0,56.0,0.0,7.0,11.0,2.0,8.0,6.0,1040.0,840.0,1905.0
1544048919.800459,5200.0,0.0,130.0,3.0,2.0,56.0,0.0,7.0,11.0,5.0,8.0,6.0,1040.0,840.0,1905.0
1544048919.900919,5200.0,0.0,130.0,3.0,2.0,56.0,0.0,7.0,11.0,4.0,7.0,6.0,1040.0,840.0,1905.0
1544048920.001891,5200.0,0.0,130.0,3.0,2.0,56.0,0.0,7.0,11.0,3.0,9.0,7.0,1040.0,840.0,1905.0
1544048920.101854,5200.0,0.0,130.0,3.0,2.0,56.0,0.0,7.0,11.0,1.0,8.0,7.0,1040.0,840.0,1905.0
1544048920.202325,5200.0,0.0,130.0,3.0,2.0,56.0,0.0,7.0,10.0,3.0,7.0,4.0,1040.0,840.0,1905.0
1544048920.30279,5200.0,0.0,130.0,3.0,2.0,56.0,0.0,7.0,11.0,3.0,7.0,7.0,1040.0,840.0,1905.0
1544048920.403905,5200.0,0.0,130.0,3.0,2.0,56.0,0.0,7.0,11.0,4.0,8.0,6.0,1040.0,840.0,1905.0
1544048920.503716,5200.0,0.0,130.0,3.0,2.0,56.0,0.0,7.0,11.0,3.0,6.0,9.0,1040.0,840.0,1905.0
1544048920.605421,5200.0,0.0,130.0,3.0,2.0,56.0,0.0,7.0,9.0,5.0,5.0,4.0,1040.0,840.0,1905.0
1544048920.705372,5200.0,0.0,130.0,3.0,2.0,56.0,0.0,7.0,10.0,2.0,6.0,6.0,1040.0,840.0,1905.0
1544048920.805832,5200.0,0.0,130.0,3.0,2.0,56.0,0.0,7.0,10.0,2.0,8.0,5.0,1040.0,840.0,1905.0
1544048920.906306,5200.0,0.0,130.0,3.0,2.0,56.0,0.0,7.0,10.0,4.0,6.0,5.0,1040.0,840.0,1905.0
1544048921.006824,5200.0,0.0,130.0,3.0,2.0,56.0,0.0,7.0,9.0,3.0,5.0,5.0,1040.0,840.0,1905.0
1544048921.107233,5200.0,0.0,130.0,3.0,2.0,56.0,0.0,7.0,11.0,4.0,8.0,6.0,1040.0,840.0,1905.0
1544048921.207689,5200.0,0.0,130.0,3.0,2.0,56.0,0.0,7.0,9.0,3.0,5.0,6.0,1040.0,840.0,1905.0
1544048921.308175,5200.0,0.0,130.0,3.0,2.0,56.0,0.0,7.0,10.0,2.0,7.0,4.0,1040.0,840.0,1905.0
1544048921.408636,5200.0,0.0,130.0,3.0,2.0,56.0,0.0,7.0,10.0,3.0,6.0,7.0,1040.0,840.0,1905.0
1544048921.509581,5200.0,0.0,130.0,3.0,2.0,56.0,0.0,7.0,10.0,2.0,8.0,4.0,1040.0,840.0,1905.0
1544048921.710158,5200.0,0.0,130.0,3.0,2.0,56.0,0.0,7.0,12.0,4.0,9.0,8.0,1040.0,840.0,1905.0
1544048921.810622,5200.0,0.0,130.0,3.0,2.0,56.0,0.0,7.0,11.0,4.0,6.0,7.0,1040.0,840.0,1905.0
1544048921.911059,5200.0,0.0,130.0,3.0,2.0,56.0,0.0,7.0,10.0,3.0,8.0,5.0,1040.0,840.0,1905.0
1544048922.01155,5200.0,0.0,130.0,3.0,2.0,56.0,0.0,7.0,11.0,2.0,8.0,7.0,1040.0,840.0,1905.0
1544048922.112011,5200.0,0.0,130.0,3.0,2.0,56.0,0.0,7.0,11.0,4.0,8.0,6.0,1040.0,840.0,1905.0
1544048922.212482,5200.0,0.0,130.0,3.0,2.0,56.0,0.0,7.0,10.0,2.0,7.0,6.0,1040.0,840.0,1905.0
1544048922.312946,5200.0,0.0,130.0,3.0,2.0,56.0,0.0,7.0,11.0,5.0,5.0,7.0,1040.0,840.0,1905.0
1544048922.413936,5200.0,0.0,130.0,3.0,2.0,56.0,0.0,7.0,11.0,4.0,7.0,6.0,1040.0,840.0,1905.0
1544048922.513886,5200.0,0.0,130.0,3.0,2.0,56.0,0.0,7.0,12.0,2.0,8.0,8.0,1040.0,840.0,1905.0
1544048922.614818,5200.0,0.0,130.0,3.0,2.0,56.0,0.0,7.0,11.0,4.0,8.0,7.0,1040.0,840.0,1905.0
1544048922.714814,5200.0,0.0,130.0,3.0,2.0,56.0,0.0,7.0,10.0,3.0,7.0,6.0,1040.0,840.0,1905.0
1544048922.815295,5200.0,0.0,130.0,3.0,2.0,56.0,0.0,7.0,10.0,2.0,8.0,5.0,1040.0,840.0,1905.0
1544048922.915766,5200.0,0.0,130.0,3.0,2.0,56.0,0.0,7.0,11.0,3.0,8.0,6.0,1040.0,840.0,1905.0
1544048923.016241,5200.0,0.0,130.0,3.0,2.0,56.0,0.0,7.0,11.0,4.0,8.0,5.0,1040.0,840.0,1905.0
1544048923.116756,5200.0,0.0,130.0,3.0,2.0,56.0,0.0,7.0,10.0,2.0,7.0,6.0,1040.0,840.0,1905.0
1544048923.217189,5200.0,0.0,130.0,3.0,2.0,56.0,0.0,7.0,10.0,4.0,7.0,5.0,1040.0,840.0,1905.0
1544048923.318131,5200.0,0.0,130.0,3.0,2.0,56.0,0.0,7.0,11.0,4.0,8.0,7.0,1040.0,840.0,1905.0
1544048923.418135,5200.0,0.0,130.0,3.0,2.0,56.0,0.0,7.0,10.0,4.0,7.0,5.0,1040.0,840.0,1905.0
1544048923.619922,5200.0,0.0,130.0,3.0,2.0,56.0,0.0,7.0,9.0,3.0,6.0,5.0,1040.0,840.0,1905.0
1544048923.719646,5200.0,0.0,130.0,3.0,2.0,56.0,0.0,7.0,10.0,5.0,6.0,5.0,1040.0,840.0,1905.0
1544048923.820704,5200.0,0.0,130.0,3.0,2.0,56.0,0.0,7.0,10.0,3.0,5.0,6.0,1040.0,840.0,1905.0
1544048923.920581,5200.0,0.0,130.0,3.0,2.0,56.0,0.0,7.0,10.0,2.0,8.0,4.0,1040.0,840.0,1905.0
1544048924.021042,5200.0,0.0,130.0,3.0,2.0,56.0,0.0,7.0,10.0,1.0,6.0,6.0,1040.0,840.0,1905.0
1544048924.121503,5200.0,0.0,130.0,3.0,2.0,56.0,0.0,7.0,11.0,3.0,8.0,6.0,1040.0,840.0,1905.0
1544048924.221952,5200.0,0.0,130.0,3.0,2.0,56.0,0.0,7.0,11.0,4.0,7.0,5.0,1040.0,840.0,1905.0
1544048924.322421,5200.0,0.0,130.0,3.0,2.0,56.0,0.0,7.0,11.0,2.0,8.0,6.0,1040.0,840.0,1905.0
1544048924.423496,5200.0,0.0,130.0,3.0,2.0,56.0,0.0,7.0,11.0,3.0,7.0,6.0,1040.0,840.0,1905.0
1544048924.523353,5200.0,0.0,130.0,3.0,2.0,56.0,0.0,7.0,10.0,2.0,7.0,6.0,1040.0,840.0,1905.0
1544048924.623821,5200.0,0.0,130.0,3.0,2.0,56.0,0.0,7.0,11.0,2.0,8.0,6.0,1040.0,840.0,1905.0
1544048924.724295,5200.0,0.0,130.0,3.0,2.0,56.0,0.0,7.0,10.0,1.0,7.0,6.0,1040.0,840.0,1905.0
1544048924.824742,5200.0,0.0,130.0,3.0,2.0,56.0,0.0,7.0,11.0,4.0,8.0,5.0,1040.0,840.0,1905.0
1544048924.925213,5200.0,0.0,130.0,3.0,2.0,56.0,0.0,7.0,11.0,3.0,7.0,6.0,1040.0,840.0,1905.0
1544048925.025705,5200.0,0.0,130.0,3.0,2.0,56.0,0.0,7.0,11.0,6.0,6.0,7.0,1040.0,840.0,1905.0
1544048925.126167,5200.0,0.0,130.0,3.0,2.0,56.0,0.0,7.0,10.0,2.0,8.0,4.0,1040.0,840.0,1905.0
1544048925.226659,5200.0,0.0,130.0,3.0,2.0,56.0,0.0,7.0,10.0,2.0,7.0,6.0,1040.0,840.0,1905.0
1544048925.327718,5200.0,0.0,130.0,3.0,2.0,56.0,0.0,7.0,11.0,2.0,8.0,7.0,1040.0,840.0,1905.0
1544048925.528766,5200.0,0.0,130.0,3.0,2.0,56.0,0.0,7.0,10.0,3.0,7.0,5.0,1040.0,840.0,1905.0
1544048925.629247,5200.0,0.0,130.0,3.0,2.0,56.0,0.0,7.0,11.0,3.0,8.0,7.0,1040.0,840.0,1905.0
1544048925.729705,5200.0,0.0,130.0,3.0,2.0,56.0,0.0,7.0,11.0,2.0,8.0,5.0,1040.0,840.0,1905.0
1544048925.830728,5200.0,0.0,130.0,3.0,2.0,56.0,0.0,7.0,12.0,6.0,8.0,7.0,1040.0,840.0,1905.0
1544048925.930645,5200.0,0.0,130.0,3.0,2.0,56.0,0.0,7.0,10.0,3.0,4.0,6.0,1040.0,840.0,1905.0
1544048926.031121,5200.0,0.0,130.0,3.0,2.0,56.0,0.0,7.0,11.0,5.0,7.0,7.0,1040.0,840.0,1905.0
1544048926.133442,5200.0,0.0,130.0,3.0,2.0,56.0,0.0,7.0,11.0,4.0,8.0,7.0,1040.0,840.0,1905.0
1544048926.232037,5200.0,0.0,130.0,3.0,2.0,56.0,0.0,7.0,10.0,4.0,5.0,6.0,1040.0,840.0,1905.0
1544048926.332552,5200.0,0.0,130.0,3.0,2.0,56.0,0.0,7.0,11.0,5.0,7.0,6.0,1040.0,840.0,1905.0
1544048926.432971,5200.0,0.0,130.0,3.0,2.0,56.0,0.0,7.0,11.0,4.0,6.0,7.0,1040.0,840.0,1905.0
1544048926.535696,5200.0,0.0,130.0,3.0,2.0,56.0,0.0,7.0,10.0,2.0,7.0,5.0,1040.0,840.0,1905.0
1544048926.633898,5200.0,0.0,130.0,3.0,2.0,56.0,0.0,7.0,11.0,4.0,8.0,6.0,1040.0,840.0,1905.0
1544048926.734362,5200.0,0.0,130.0,3.0,2.0,56.0,0.0,7.0,10.0,5.0,4.0,6.0,1040.0,840.0,1905.0
1544048926.835377,5200.0,0.0,130.0,3.0,2.0,56.0,0.0,7.0,10.0,0.0,7.0,6.0,1040.0,840.0,1905.0
1544048926.935285,5200.0,0.0,130.0,3.0,2.0,56.0,0.0,7.0,11.0,4.0,8.0,6.0,1040.0,840.0,1905.0
1544048927.042271,5200.0,0.0,130.0,3.0,2.0,56.0,0.0,7.0,10.0,3.0,6.0,5.0,1040.0,840.0,1905.0
1544048927.142728,5200.0,0.0,130.0,3.0,2.0,56.0,0.0,7.0,11.0,5.0,8.0,5.0,1040.0,840.0,1905.0
1544048927.144692,5200.0,0.0,130.0,3.0,2.0,56.0,0.0,7.0,11.0,4.0,8.0,5.0,1040.0,840.0,1905.0
1544048927.243204,5200.0,0.0,130.0,3.0,2.0,56.0,0.0,7.0,10.0,3.0,7.0,5.0,1040.0,840.0,1905.0
1544048927.444735,5200.0,0.0,130.0,3.0,2.0,56.0,0.0,7.0,11.0,2.0,8.0,7.0,1040.0,840.0,1905.0
1544048927.54458,5200.0,0.0,130.0,3.0,2.0,56.0,0.0,7.0,11.0,4.0,7.0,7.0,1040.0,840.0,1905.0
1544048927.645025,5200.0,0.0,130.0,3.0,2.0,56.0,0.0,7.0,9.0,3.0,5.0,4.0,1040.0,840.0,1905.0
1544048927.745566,5200.0,0.0,130.0,3.0,2.0,56.0,0.0,7.0,11.0,4.0,8.0,7.0,1040.0,840.0,1905.0
1544048927.846871,5200.0,0.0,130.0,3.0,2.0,56.0,0.0,7.0,12.0,4.0,9.0,5.0,1040.0,840.0,1905.0
1544048927.947341,5200.0,0.0,130.0,3.0,2.0,56.0,0.0,7.0,12.0,4.0,9.0,8.0,1040.0,840.0,1905.0
1544048928.047813,5200.0,0.0,130.0,3.0,2.0,56.0,0.0,7.0,11.0,4.0,8.0,7.0,1040.0,840.0,1905.0
1544048928.148254,5200.0,0.0,130.0,3.0,2.0,56.0,0.0,7.0,10.0,2.0,6.0,7.0,1040.0,840.0,1905.0
1544048928.248734,5200.0,0.0,130.0,3.0,2.0,56.0,0.0,7.0,11.0,2.0,8.0,8.0,1040.0,840.0,1905.0
1544048928.250918,5200.0,0.0,130.0,3.0,2.0,56.0,0.0,7.0,11.0,3.0,7.0,7.0,1040.0,840.0,1905.0
1544048928.252846,5200.0,0.0,130.0,3.0,2.0,56.0,0.0,7.0,11.0,5.0,8.0,7.0,1040.0,840.0,1905.0
1544048928.349192,5200.0,0.0,130.0,3.0,2.0,56.0,0.0,7.0,10.0,2.0,8.0,4.0,1040.0,840.0,1905.0
1544048928.449661,5200.0,0.0,130.0,3.0,2.0,56.0,0.0,7.0,11.0,3.0,7.0,8.0,1040.0,840.0,1905.0
1544048928.551297,5200.0,0.0,130.0,3.0,2.0,56.0,0.0,7.0,10.0,1.0,8.0,6.0,1040.0,840.0,1905.0
1544048928.650619,5200.0,0.0,130.0,3.0,2.0,56.0,0.0,7.0,11.0,4.0,8.0,6.0,1040.0,840.0,1905.0
1544048928.75107,5200.0,0.0,130.0,3.0,2.0,56.0,0.0,7.0,11.0,3.0,7.0,7.0,1040.0,840.0,1905.0
1544048928.851558,5200.0,0.0,130.0,3.0,2.0,56.0,0.0,7.0,11.0,4.0,7.0,6.0,1040.0,840.0,1905.0
1544048928.952755,5200.0,0.0,130.0,3.0,2.0,56.0,0.0,7.0,11.0,4.0,8.0,6.0,1040.0,840.0,1905.0
1544048929.052484,5200.0,0.0,130.0,3.0,2.0,56.0,0.0,7.0,12.0,4.0,7.0,8.0,1040.0,840.0,1905.0
